This is pdfTeX, Version 3.141592653-2.6-1.40.28 (MiKTeX 25.12) (preloaded format=pdflatex 2026.1.1)  5 JAN 2026 09:41
entering extended mode
 restricted \write18 enabled.
 file:line:error style messages enabled.
 %&-line parsing enabled.
**"./Qüestions Electrotècniques Diverses.tex"
(Qüestions Electrotècniques Diverses.tex
LaTeX2e <2025-11-01>
L3 programming layer <2025-12-24>
(C:\Users\josep\AppData\Local\Programs\MiKTeX\tex/latex/base\book.cls
Document Class: book 2025/01/22 v1.4n Standard LaTeX document class
(C:\Users\josep\AppData\Local\Programs\MiKTeX\tex/latex/base\bk11.clo
File: bk11.clo 2025/01/22 v1.4n Standard LaTeX file (size option)
)
\c@part=\count275
\c@chapter=\count276
\c@section=\count277
\c@subsection=\count278
\c@subsubsection=\count279
\c@paragraph=\count280
\c@subparagraph=\count281
\c@figure=\count282
\c@table=\count283
\abovecaptionskip=\skip49
\belowcaptionskip=\skip50
\bibindent=\dimen148
)
(C:\Users\josep\AppData\Local\Programs\MiKTeX\tex/latex/xcolor\xcolor.sty
Package: xcolor 2024/09/29 v3.02 LaTeX color extensions (UK)

(C:\Users\josep\AppData\Local\Programs\MiKTeX\tex/latex/graphics-cfg\color.cfg
File: color.cfg 2016/01/02 v1.6 sample color configuration
)
Package xcolor Info: Driver file: pdftex.def on input line 274.

(C:\Users\josep\AppData\Local\Programs\MiKTeX\tex/latex/graphics-def\pdftex.def
File: pdftex.def 2025/09/29 v1.2d Graphics/color driver for pdftex
)
(C:\Users\josep\AppData\Local\Programs\MiKTeX\tex/latex/graphics\mathcolor.ltx)
Package xcolor Info: Model `cmy' substituted by `cmy0' on input line 1349.
Package xcolor Info: Model `hsb' substituted by `rgb' on input line 1353.
Package xcolor Info: Model `RGB' extended on input line 1365.
Package xcolor Info: Model `HTML' substituted by `rgb' on input line 1367.
Package xcolor Info: Model `Hsb' substituted by `hsb' on input line 1368.
Package xcolor Info: Model `tHsb' substituted by `hsb' on input line 1369.
Package xcolor Info: Model `HSB' substituted by `hsb' on input line 1370.
Package xcolor Info: Model `Gray' substituted by `gray' on input line 1371.
Package xcolor Info: Model `wave' substituted by `hsb' on input line 1372.
) (C:\Users\josep\AppData\Local\Programs\MiKTeX\tex/latex/graphics\dvipsnam.def
File: dvipsnam.def 2016/06/17 v3.0m Driver-dependent file (DPC,SPQR)
) (C:\Users\josep\AppData\Local\Programs\MiKTeX\tex/latex/colortbl\colortbl.sty
Package: colortbl 2024/10/29 v1.0k Color table columns (DPC)
(C:\Users\josep\AppData\Local\Programs\MiKTeX\tex/latex/tools\array.sty
Package: array 2025/09/25 v2.6n Tabular extension package (FMi)
\col@sep=\dimen149
\ar@mcellbox=\box53
\extrarowheight=\dimen150
\NC@list=\toks17
\extratabsurround=\skip51
\backup@length=\skip52
\ar@cellbox=\box54
)
\everycr=\toks18
\minrowclearance=\skip53
\rownum=\count284
)
(C:\Users\josep\AppData\Local\Programs\MiKTeX\tex/latex/graphics\graphicx.sty
Package: graphicx 2024/12/31 v1.2e Enhanced LaTeX Graphics (DPC,SPQR)

(C:\Users\josep\AppData\Local\Programs\MiKTeX\tex/latex/graphics\keyval.sty
Package: keyval 2022/05/29 v1.15 key=value parser (DPC)
\KV@toks@=\toks19
)
(C:\Users\josep\AppData\Local\Programs\MiKTeX\tex/latex/graphics\graphics.sty
Package: graphics 2024/08/06 v1.4g Standard LaTeX Graphics (DPC,SPQR)

(C:\Users\josep\AppData\Local\Programs\MiKTeX\tex/latex/graphics\trig.sty
Package: trig 2023/12/02 v1.11 sin cos tan (DPC)
)
(C:\Users\josep\AppData\Local\Programs\MiKTeX\tex/latex/graphics-cfg\graphics.c
fg
File: graphics.cfg 2016/06/04 v1.11 sample graphics configuration
)
Package graphics Info: Driver file: pdftex.def on input line 106.
)
\Gin@req@height=\dimen151
\Gin@req@width=\dimen152
)
(C:\Users\josep\AppData\Local\Programs\MiKTeX\tex/latex/eso-pic\eso-pic.sty
Package: eso-pic 2025/12/10 v3.0d eso-pic (RN)
\ESO@tempdima=\dimen153
\ESO@tempdimb=\dimen154
)
(C:\Users\josep\AppData\Local\Programs\MiKTeX\tex/generic/babel\babel.sty
Package: babel 2025/12/11 v25.17 The multilingual framework for LuaLaTeX, pdfLa
TeX and XeLaTeX
\babel@savecnt=\count285
LaTeX Encoding Info:    Redeclaring text command \ij (encoding OT1) on input li
ne 2068.
LaTeX Encoding Info:    Redeclaring text command \IJ (encoding OT1) on input li
ne 2070.
LaTeX Encoding Info:    Redeclaring text command \ij (encoding T1) on input lin
e 2072.
LaTeX Encoding Info:    Redeclaring text command \IJ (encoding T1) on input lin
e 2073.
LaTeX Encoding Info:    Ignoring declaration for text command \ij (encoding ?) 
on input line 2074.
LaTeX Encoding Info:    Ignoring declaration for text command \IJ (encoding ?) 
on input line 2076.
LaTeX Encoding Info:    Ignoring declaration for text command \SS (encoding ?) 
on input line 2101.
\U@D=\dimen155
\l@unhyphenated=\language84

(C:\Users\josep\AppData\Local\Programs\MiKTeX\tex/generic/babel\txtbabel.def)
\bbl@readstream=\read2
\bbl@dirlevel=\count286
Package babel Info: Configuration files are deprecated, as
(babel)             they can break document portability.
(babel)             Reported on input line 4196.

*************************************
* Local config file bblopts.cfg used
*
(C:\Users\josep\AppData\Local\Programs\MiKTeX\tex/latex/arabi\bblopts.cfg
File: bblopts.cfg 2005/09/08 v0.1 add Arabic and Farsi to "declared" options of
 babel
)
(C:\Users\josep\AppData\Local\Programs\MiKTeX\tex/generic/babel/locale/ca\babel
-catalan.tex)
Package babel Info: Importing font and identification data for catalan
(babel)             from babel-ca.ini. Reported on input line 4320.

(C:\Users\josep\AppData\Local\Programs\MiKTeX\tex/latex/babel-catalan\catalan.l
df
Language: catalan 2005/03/29 v2.2p Catalan support from the babel system
Package babel Info: Making " an active character on input line 91.
Warning: You are using encoding OT1 instead of T1.
Some word breaks will not be found.
\leftllkern=\dimen156
\rightllkern=\dimen157
\raiselldim=\dimen158
)) (C:\Users\josep\AppData\Local\Programs\MiKTeX\tex/latex/tools\varioref.sty
Package: varioref 2025/01/14 v1.6g package for extended references (FMi)
\c@vrcnt=\count287
) (C:\Users\josep\AppData\Local\Programs\MiKTeX\tex/latex/base\fontenc.sty
Package: fontenc 2025/07/18 v2.1d Standard LaTeX package
)
(C:\Users\josep\AppData\Local\Programs\MiKTeX\tex/latex/base\inputenc.sty
Package: inputenc 2024/02/08 v1.3d Input encoding file
\inpenc@prehook=\toks20
\inpenc@posthook=\toks21
)
   defining Unicode char U+013F (decimal 319)
   defining Unicode char U+0140 (decimal 320)
   defining Unicode char U+2114 (decimal 8468)

(C:\Users\josep\AppData\Local\Programs\MiKTeX\tex/latex/newpx\newpxtext.sty
Package: newpxtext 2025/06/07 v1.542 LaTeX and unicode LaTeX support for TeXGyr
ePagellaX (Michael Sharpe)

`newpxtext' v1.542, 2025/06/07 Text macros taking advantage of TeXGyre Pagella 
and its extensions (msharpe)
(C:\Users\josep\AppData\Local\Programs\MiKTeX\tex/latex/base\fontenc.sty
Package: fontenc 2025/07/18 v2.1d Standard LaTeX package
)
(C:\Users\josep\AppData\Local\Programs\MiKTeX\tex/latex/xpatch\xpatch.sty
(C:\Users\josep\AppData\Local\Programs\MiKTeX\tex/latex/l3kernel\expl3.sty
Package: expl3 2025-12-24 L3 programming layer (loader) 

(C:\Users\josep\AppData\Local\Programs\MiKTeX\tex/latex/l3backend\l3backend-pdf
tex.def
File: l3backend-pdftex.def 2025-10-09 L3 backend support: PDF output (pdfTeX)
\l__color_backend_stack_int=\count288
))
Package: xpatch 2020/03/25 v0.3a Extending etoolbox patching commands

(C:\Users\josep\AppData\Local\Programs\MiKTeX\tex/latex/l3packages/xparse\xpars
e.sty
Package: xparse 2025-10-09 L3 Experimental document command parser
)
(C:\Users\josep\AppData\Local\Programs\MiKTeX\tex/latex/etoolbox\etoolbox.sty
Package: etoolbox 2025/10/02 v2.5m e-TeX tools for LaTeX (JAW)
\etb@tempcnta=\count289
)) (C:\Users\josep\AppData\Local\Programs\MiKTeX\tex/generic/iftex\iftex.sty
Package: iftex 2024/12/12 v1.0g TeX engine tests
)
(C:\Users\josep\AppData\Local\Programs\MiKTeX\tex/latex/xkeyval\xkeyval.sty
Package: xkeyval 2022/06/16 v2.9 package option processing (HA)

(C:\Users\josep\AppData\Local\Programs\MiKTeX\tex/generic/xkeyval\xkeyval.tex
(C:\Users\josep\AppData\Local\Programs\MiKTeX\tex/generic/xkeyval\xkvutils.tex
\XKV@toks=\toks22
\XKV@tempa@toks=\toks23
)
\XKV@depth=\count290
File: xkeyval.tex 2014/12/03 v2.7a key=value parser (HA)
)) (C:\Users\josep\AppData\Local\Programs\MiKTeX\tex/latex/base\textcomp.sty
Package: textcomp 2024/04/24 v2.1b Standard LaTeX package
)
(C:\Users\josep\AppData\Local\Programs\MiKTeX\tex/latex/xstring\xstring.sty
(C:\Users\josep\AppData\Local\Programs\MiKTeX\tex/generic/xstring\xstring.tex
\xs_counta=\count291
\xs_countb=\count292
)
Package: xstring 2023/08/22 v1.86 String manipulations (CT)
) (C:\Users\josep\AppData\Local\Programs\MiKTeX\tex/latex/base\ifthen.sty
Package: ifthen 2024/03/16 v1.1e Standard LaTeX ifthen package (DPC)
)
(C:\Users\josep\AppData\Local\Programs\MiKTeX\tex/latex/carlisle\scalefnt.sty)
LaTeX Font Info:    Setting zplLF sub-encoding to TS1/0 on input line 40.
LaTeX Font Info:    Setting zplTLF sub-encoding to TS1/0 on input line 40.
LaTeX Font Info:    Setting zplOsF sub-encoding to TS1/0 on input line 40.
LaTeX Font Info:    Setting zplTOsF sub-encoding to TS1/0 on input line 40.
\zpl@cnt=\count293

(C:\Users\josep\AppData\Local\Programs\MiKTeX\tex/latex/fontaxes\fontaxes.sty
Package: fontaxes 2025-05-24 v2.0.1 Font selection axes (deprecated)

(C:\Users\josep\AppData\Local\Programs\MiKTeX\tex/latex/figureversions\figureve
rsions.sty
Package: figureversions 2025-04-29 v1.0.1 Figure versions
))
\zpl@sixem=\dimen159
\zpl@y=\dimen160
\zpl@x=\dimen161
\zpl@tmpdima=\dimen162
\zpl@tmpdimb=\dimen163
\zpl@tmpdimc=\dimen164
\zpl@tmpdimd=\dimen165
\zpl@tmpdime=\dimen166
\zpl@tmpdimf=\dimen167
\zpl@dimA=\dimen168
\zpl@dimAA=\dimen169
\zpl@dimB=\dimen170
\zpl@dimBB=\dimen171
\zpl@dimC=\dimen172
LaTeX Info: Redefining \oldstylenums on input line 807.
LaTeX Font Info:    Trying to load font information for T1+zplLF on input line 
815.

(C:\Users\josep\AppData\Local\Programs\MiKTeX\tex/latex/newpx\t1zpllf.fd
File: t1zpllf.fd 2021/05/25 v1.0 font definition file for T1/zpl/lf
)
LaTeX Font Info:    Trying to load font information for T1+zplTLF on input line
 816.

(C:\Users\josep\AppData\Local\Programs\MiKTeX\tex/latex/newpx\t1zpltlf.fd
File: t1zpltlf.fd 2021/05/25 v1.0 font definition file for T1/zpl/tlf
)
LaTeX Font Info:    Trying to load font information for T1+zplOsF on input line
 817.

(C:\Users\josep\AppData\Local\Programs\MiKTeX\tex/latex/newpx\t1zplosf.fd
File: t1zplosf.fd 2021/05/25 v1.0 font definition file for T1/zpl/osf
)
LaTeX Font Info:    Trying to load font information for T1+zplTOsF on input lin
e 818.

(C:\Users\josep\AppData\Local\Programs\MiKTeX\tex/latex/newpx\t1zpltosf.fd
File: t1zpltosf.fd 2021/05/25 v1.0 font definition file for T1/zpl/tosf
))
(C:\Users\josep\AppData\Local\Programs\MiKTeX\tex/latex/josefin\josefin.sty
Package: josefin 2022/10/01 (Bob Tennent and autoinst) Style file for Josefin S
ans fonts.

(C:\Users\josep\AppData\Local\Programs\MiKTeX\tex/generic/iftex\ifxetex.sty
Package: ifxetex 2019/10/25 v0.7 ifxetex legacy package. Use iftex instead.
)
(C:\Users\josep\AppData\Local\Programs\MiKTeX\tex/generic/iftex\ifluatex.sty
Package: ifluatex 2019/10/25 v1.5 ifluatex legacy package. Use iftex instead.
))
(C:\Users\josep\AppData\Local\Programs\MiKTeX\tex/latex/eulerpx\eulerpx.sty
Package: eulerpx 2022/07/14 v1.0

Package: `eulerpx' v1.0 <2022/07/14>
(C:\Users\josep\AppData\Local\Programs\MiKTeX\tex/latex/amsmath\amsmath.sty
Package: amsmath 2025/07/09 v2.17z AMS math features
\@mathmargin=\skip54

For additional information on amsmath, use the `?' option.
(C:\Users\josep\AppData\Local\Programs\MiKTeX\tex/latex/amsmath\amstext.sty
Package: amstext 2024/11/17 v2.01 AMS text

(C:\Users\josep\AppData\Local\Programs\MiKTeX\tex/latex/amsmath\amsgen.sty
File: amsgen.sty 1999/11/30 v2.0 generic functions
\@emptytoks=\toks24
\ex@=\dimen173
))
(C:\Users\josep\AppData\Local\Programs\MiKTeX\tex/latex/amsmath\amsbsy.sty
Package: amsbsy 1999/11/29 v1.2d Bold Symbols
\pmbraise@=\dimen174
)
(C:\Users\josep\AppData\Local\Programs\MiKTeX\tex/latex/amsmath\amsopn.sty
Package: amsopn 2022/04/08 v2.04 operator names
)
\inf@bad=\count294
LaTeX Info: Redefining \frac on input line 233.
\uproot@=\count295
\leftroot@=\count296
LaTeX Info: Redefining \overline on input line 398.
LaTeX Info: Redefining \colon on input line 409.
\classnum@=\count297
\DOTSCASE@=\count298
LaTeX Info: Redefining \ldots on input line 495.
LaTeX Info: Redefining \dots on input line 498.
LaTeX Info: Redefining \cdots on input line 619.
\Mathstrutbox@=\box55
\strutbox@=\box56
LaTeX Info: Redefining \big on input line 721.
LaTeX Info: Redefining \Big on input line 722.
LaTeX Info: Redefining \bigg on input line 723.
LaTeX Info: Redefining \Bigg on input line 724.
\big@size=\dimen175
LaTeX Font Info:    Redeclaring font encoding OML on input line 742.
LaTeX Font Info:    Redeclaring font encoding OMS on input line 743.
\macc@depth=\count299
LaTeX Info: Redefining \bmod on input line 904.
LaTeX Info: Redefining \pmod on input line 909.
LaTeX Info: Redefining \smash on input line 939.
LaTeX Info: Redefining \relbar on input line 969.
LaTeX Info: Redefining \Relbar on input line 970.
\c@MaxMatrixCols=\count300
\dotsspace@=\muskip17
\c@parentequation=\count301
\dspbrk@lvl=\count302
\tag@help=\toks25
\row@=\count303
\column@=\count304
\maxfields@=\count305
\andhelp@=\toks26
\eqnshift@=\dimen176
\alignsep@=\dimen177
\tagshift@=\dimen178
\tagwidth@=\dimen179
\totwidth@=\dimen180
\lineht@=\dimen181
\@envbody=\toks27
\multlinegap=\skip55
\multlinetaggap=\skip56
\mathdisplay@stack=\toks28
LaTeX Info: Redefining \[ on input line 2950.
LaTeX Info: Redefining \] on input line 2951.
)
(C:\Users\josep\AppData\Local\Programs\MiKTeX\tex/latex/newpx\newpxmath.sty
Package: newpxmath 2025/10/30 v1.551 LaTeX math support for newpx (Michael Shar
pe)

`newpxmath' v1.551, 2025/10/30 Math macros based on pxfonts (msharpe)
(C:\Users\josep\AppData\Local\Programs\MiKTeX\tex/generic/binhex\binhex.tex)
(C:\Users\josep\AppData\Local\Programs\MiKTeX\tex/latex/oberdiek\centernot.sty
Package: centernot 2016/05/16 v1.4 Centers the not symbol horizontally (HO)
)
\px@tA=\toks29
\px@tB=\toks30
\px@su=\read3
\px@Isdigit=\count306
amsthm NOT loaded
LaTeX Font Info:    Redeclaring symbol font `operators' on input line 224.
LaTeX Font Info:    Overwriting symbol font `operators' in version `normal'
(Font)                  OT1/cmr/m/n --> OT1/minzpl/m/n on input line 224.
LaTeX Font Info:    Overwriting symbol font `operators' in version `bold'
(Font)                  OT1/cmr/bx/n --> OT1/minzpl/m/n on input line 224.
LaTeX Font Info:    Overwriting symbol font `operators' in version `bold'
(Font)                  OT1/minzpl/m/n --> OT1/minzpl/b/n on input line 225.
LaTeX Font Info:    Redeclaring math alphabet \mathsf on input line 228.
LaTeX Font Info:    Overwriting math alphabet `\mathsf' in version `normal'
(Font)                  OT1/cmss/m/n --> T1/JosefinSans-LF/m/n on input line 22
8.
LaTeX Font Info:    Overwriting math alphabet `\mathsf' in version `bold'
(Font)                  OT1/cmss/bx/n --> T1/JosefinSans-LF/m/n on input line 2
28.
LaTeX Font Info:    Redeclaring math alphabet \mathit on input line 229.
LaTeX Font Info:    Overwriting math alphabet `\mathit' in version `normal'
(Font)                  OT1/cmr/m/it --> OT1/minzpl/m/it on input line 229.
LaTeX Font Info:    Overwriting math alphabet `\mathit' in version `bold'
(Font)                  OT1/cmr/bx/it --> OT1/minzpl/m/it on input line 229.
LaTeX Font Info:    Redeclaring math alphabet \mathtt on input line 230.
LaTeX Font Info:    Overwriting math alphabet `\mathtt' in version `normal'
(Font)                  OT1/cmtt/m/n --> T1/npxtt/m/n on input line 230.
LaTeX Font Info:    Overwriting math alphabet `\mathtt' in version `bold'
(Font)                  OT1/cmtt/m/n --> T1/npxtt/m/n on input line 230.
LaTeX Font Info:    Redeclaring math alphabet \mathbf on input line 232.
LaTeX Font Info:    Overwriting math alphabet `\mathbf' in version `normal'
(Font)                  OT1/cmr/bx/n --> OT1/minzpl/b/n on input line 232.
LaTeX Font Info:    Overwriting math alphabet `\mathbf' in version `bold'
(Font)                  OT1/cmr/bx/n --> OT1/minzpl/b/n on input line 232.
LaTeX Font Info:    Overwriting math alphabet `\mathit' in version `bold'
(Font)                  OT1/minzpl/m/it --> OT1/minzpl/b/it on input line 233.
LaTeX Font Info:    Overwriting math alphabet `\mathsf' in version `bold'
(Font)                  T1/JosefinSans-LF/m/n --> T1/JosefinSans-LF/b/n on inpu
t line 235.
LaTeX Font Info:    Overwriting math alphabet `\mathtt' in version `bold'
(Font)                  T1/npxtt/m/n --> T1/npxtt/b/n on input line 236.
LaTeX Font Info:    Redeclaring symbol font `letters' on input line 247.
LaTeX Font Info:    Overwriting symbol font `letters' in version `normal'
(Font)                  OML/cmm/m/it --> OML/npxmi/m/it on input line 247.
LaTeX Font Info:    Overwriting symbol font `letters' in version `bold'
(Font)                  OML/cmm/b/it --> OML/npxmi/m/it on input line 247.
LaTeX Font Info:    Overwriting symbol font `letters' in version `bold'
(Font)                  OML/npxmi/m/it --> OML/npxmi/b/it on input line 248.
\symlettersA=\mathgroup4
LaTeX Font Info:    Overwriting symbol font `lettersA' in version `bold'
(Font)                  U/npxmia/m/it --> U/npxmia/b/it on input line 266.
Now handling font encoding LMS ...
... no UTF-8 mapping file for font encoding LMS
LaTeX Font Info:    Redeclaring symbol font `symbols' on input line 276.
LaTeX Font Info:    Encoding `OMS' has changed to `LMS' for symbol font
(Font)              `symbols' in the math version `normal' on input line 276.
LaTeX Font Info:    Overwriting symbol font `symbols' in version `normal'
(Font)                  OMS/cmsy/m/n --> LMS/npxsy/m/n on input line 276.
LaTeX Font Info:    Encoding `OMS' has changed to `LMS' for symbol font
(Font)              `symbols' in the math version `bold' on input line 276.
LaTeX Font Info:    Overwriting symbol font `symbols' in version `bold'
(Font)                  OMS/cmsy/b/n --> LMS/npxsy/m/n on input line 276.
LaTeX Font Info:    Overwriting symbol font `symbols' in version `bold'
(Font)                  LMS/npxsy/m/n --> LMS/npxsy/b/n on input line 277.
\symAMSm=\mathgroup5
LaTeX Font Info:    Overwriting symbol font `AMSm' in version `bold'
(Font)                  U/npxsym/m/n --> U/npxsym/b/n on input line 297.
\symsymbolsC=\mathgroup6
LaTeX Font Info:    Overwriting symbol font `symbolsC' in version `bold'
(Font)                  U/npxsyc/m/n --> U/npxsyc/b/n on input line 319.
Now handling font encoding LMX ...
... no UTF-8 mapping file for font encoding LMX
LaTeX Font Info:    Redeclaring symbol font `largesymbols' on input line 339.
LaTeX Font Info:    Encoding `OMX' has changed to `LMX' for symbol font
(Font)              `largesymbols' in the math version `normal' on input line 3
39.
LaTeX Font Info:    Overwriting symbol font `largesymbols' in version `normal'
(Font)                  OMX/cmex/m/n --> LMX/npxexx/m/n on input line 339.
LaTeX Font Info:    Encoding `OMX' has changed to `LMX' for symbol font
(Font)              `largesymbols' in the math version `bold' on input line 339
.
LaTeX Font Info:    Overwriting symbol font `largesymbols' in version `bold'
(Font)                  OMX/cmex/m/n --> LMX/npxexx/m/n on input line 339.
LaTeX Font Info:    Overwriting symbol font `largesymbols' in version `bold'
(Font)                  LMX/npxexx/m/n --> LMX/npxexx/b/n on input line 340.
\symlargesymbolsPXA=\mathgroup7
LaTeX Font Info:    Overwriting symbol font `largesymbolsPXA' in version `bold'

(Font)                  U/npxexa/m/n --> U/npxexa/b/n on input line 347.
\px@cntz=\count307
\px@IsAlNum=\count308
\px@sbptoks=\toks31
LaTeX Font Info:    Redeclaring math delimiter \lfloor on input line 502.
LaTeX Font Info:    Redeclaring math delimiter \rfloor on input line 503.
LaTeX Font Info:    Redeclaring math delimiter \lceil on input line 504.
LaTeX Font Info:    Redeclaring math delimiter \rceil on input line 505.
LaTeX Font Info:    Redeclaring math delimiter \lbrace on input line 510.
LaTeX Font Info:    Redeclaring math delimiter \rbrace on input line 511.
LaTeX Font Info:    Redeclaring math delimiter \langle on input line 513.
LaTeX Font Info:    Redeclaring math delimiter \rangle on input line 515.
LaTeX Font Info:    Redeclaring math delimiter \arrowvert on input line 519.
LaTeX Font Info:    Redeclaring math delimiter \vert on input line 520.
LaTeX Font Info:    Redeclaring math symbol \parallel on input line 521.
LaTeX Font Info:    Redeclaring math delimiter \Arrowvert on input line 522.
LaTeX Font Info:    Redeclaring math symbol \hbar on input line 548.
LaTeX Font Info:    Redeclaring math accent \grave on input line 562.
LaTeX Font Info:    Redeclaring math accent \acute on input line 563.
LaTeX Font Info:    Redeclaring math accent \hat on input line 564.
LaTeX Font Info:    Redeclaring math accent \tilde on input line 565.
LaTeX Font Info:    Redeclaring math accent \bar on input line 566.
LaTeX Font Info:    Redeclaring math accent \breve on input line 567.
LaTeX Font Info:    Redeclaring math accent \mathring on input line 568.
LaTeX Font Info:    Redeclaring math accent \check on input line 569.
LaTeX Font Info:    Redeclaring math accent \dot on input line 573.
LaTeX Font Info:    Redeclaring math accent \ddot on input line 574.
LaTeX Font Info:    Redeclaring math accent \vec on input line 1631.
LaTeX Info: Redefining \Bbbk on input line 2208.
LaTeX Info: Redefining \not on input line 2548.
)
LaTeX Font Info:    Redeclaring math symbol \ldotp on input line 104.
LaTeX Font Info:    Redeclaring symbol font `operators' on input line 108.
LaTeX Font Info:    Overwriting symbol font `operators' in version `normal'
(Font)                  OT1/minzpl/m/n --> OT1/minzpl/m/n on input line 108.
LaTeX Font Info:    Overwriting symbol font `operators' in version `bold'
(Font)                  OT1/minzpl/b/n --> OT1/minzpl/m/n on input line 108.
LaTeX Font Info:    Overwriting symbol font `operators' in version `bold'
(Font)                  OT1/minzpl/m/n --> OT1/minzpl/b/n on input line 109.
LaTeX Font Info:    Redeclaring math alphabet \mathsf on input line 114.
LaTeX Font Info:    Overwriting math alphabet `\mathsf' in version `normal'
(Font)                  T1/JosefinSans-LF/m/n --> T1/JosefinSans-LF/m/n on inpu
t line 114.
LaTeX Font Info:    Overwriting math alphabet `\mathsf' in version `bold'
(Font)                  T1/JosefinSans-LF/b/n --> T1/JosefinSans-LF/m/n on inpu
t line 114.
LaTeX Font Info:    Redeclaring math alphabet \mathit on input line 115.
LaTeX Font Info:    Overwriting math alphabet `\mathit' in version `normal'
(Font)                  OT1/minzpl/m/it --> OT1/minzpl/m/it on input line 115.
LaTeX Font Info:    Overwriting math alphabet `\mathit' in version `bold'
(Font)                  OT1/minzpl/b/it --> OT1/minzpl/m/it on input line 115.
LaTeX Font Info:    Redeclaring math alphabet \mathtt on input line 116.
LaTeX Font Info:    Overwriting math alphabet `\mathtt' in version `normal'
(Font)                  T1/npxtt/m/n --> T1/npxtt/m/n on input line 116.
LaTeX Font Info:    Overwriting math alphabet `\mathtt' in version `bold'
(Font)                  T1/npxtt/b/n --> T1/npxtt/m/n on input line 116.
LaTeX Font Info:    Overwriting math alphabet `\mathsf' in version `bold'
(Font)                  T1/JosefinSans-LF/m/n --> T1/JosefinSans-LF/b/n on inpu
t line 117.
LaTeX Font Info:    Overwriting math alphabet `\mathit' in version `bold'
(Font)                  OT1/minzpl/m/it --> OT1/minzpl/b/it on input line 118.
LaTeX Font Info:    Overwriting math alphabet `\mathtt' in version `bold'
(Font)                  T1/npxtt/m/n --> T1/npxtt/b/n on input line 119.
LaTeX Font Info:    Redeclaring math alphabet \mathbf on input line 120.
LaTeX Font Info:    Overwriting math alphabet `\mathbf' in version `normal'
(Font)                  OT1/minzpl/b/n --> OT1/minzpl/b/n on input line 120.
LaTeX Font Info:    Overwriting math alphabet `\mathbf' in version `bold'
(Font)                  OT1/minzpl/b/n --> OT1/minzpl/b/n on input line 120.
\symEulerRoman=\mathgroup8
LaTeX Font Info:    Overwriting symbol font `EulerRoman' in version `bold'
(Font)                  U/zeur/m/n --> U/zeur/b/n on input line 124.
LaTeX Font Info:    Overwriting math alphabet `\mathscr' in version `bold'
(Font)                  U/zeus/m/n --> U/zeus/b/n on input line 132.
LaTeX Font Info:    Overwriting math alphabet `\mathfrak' in version `bold'
(Font)                  U/euf/m/n --> U/euf/b/n on input line 151.
LaTeX Font Info:    Redeclaring math symbol \Gamma on input line 156.
LaTeX Font Info:    Redeclaring math symbol \Delta on input line 157.
LaTeX Font Info:    Redeclaring math symbol \Theta on input line 158.
LaTeX Font Info:    Redeclaring math symbol \Lambda on input line 159.
LaTeX Font Info:    Redeclaring math symbol \Xi on input line 160.
LaTeX Font Info:    Redeclaring math symbol \Pi on input line 161.
LaTeX Font Info:    Redeclaring math symbol \Sigma on input line 162.
LaTeX Font Info:    Redeclaring math symbol \Upsilon on input line 163.
LaTeX Font Info:    Redeclaring math symbol \Phi on input line 164.
LaTeX Font Info:    Redeclaring math symbol \Psi on input line 165.
LaTeX Font Info:    Redeclaring math symbol \Omega on input line 166.
LaTeX Font Info:    Redeclaring math symbol \alpha on input line 169.
LaTeX Font Info:    Redeclaring math symbol \beta on input line 170.
LaTeX Font Info:    Redeclaring math symbol \gamma on input line 171.
LaTeX Font Info:    Redeclaring math symbol \delta on input line 172.
LaTeX Font Info:    Redeclaring math symbol \epsilon on input line 173.
LaTeX Font Info:    Redeclaring math symbol \zeta on input line 174.
LaTeX Font Info:    Redeclaring math symbol \eta on input line 175.
LaTeX Font Info:    Redeclaring math symbol \theta on input line 176.
LaTeX Font Info:    Redeclaring math symbol \iota on input line 177.
LaTeX Font Info:    Redeclaring math symbol \kappa on input line 178.
LaTeX Font Info:    Redeclaring math symbol \lambda on input line 179.
LaTeX Font Info:    Redeclaring math symbol \mu on input line 180.
LaTeX Font Info:    Redeclaring math symbol \nu on input line 181.
LaTeX Font Info:    Redeclaring math symbol \xi on input line 182.
LaTeX Font Info:    Redeclaring math symbol \pi on input line 183.
LaTeX Font Info:    Redeclaring math symbol \rho on input line 184.
LaTeX Font Info:    Redeclaring math symbol \sigma on input line 185.
LaTeX Font Info:    Redeclaring math symbol \tau on input line 186.
LaTeX Font Info:    Redeclaring math symbol \upsilon on input line 187.
LaTeX Font Info:    Redeclaring math symbol \phi on input line 188.
LaTeX Font Info:    Redeclaring math symbol \chi on input line 189.
LaTeX Font Info:    Redeclaring math symbol \psi on input line 190.
LaTeX Font Info:    Redeclaring math symbol \omega on input line 191.
LaTeX Font Info:    Redeclaring math symbol \varepsilon on input line 192.
LaTeX Font Info:    Redeclaring math symbol \vartheta on input line 193.
LaTeX Font Info:    Redeclaring math symbol \varpi on input line 194.
LaTeX Font Info:    Redeclaring math symbol \varphi on input line 197.
LaTeX Font Info:    Redeclaring math symbol \partial on input line 215.
LaTeX Font Info:    Redeclaring math symbol \ell on input line 245.
LaTeX Font Info:    Redeclaring math symbol \imath on input line 275.
LaTeX Font Info:    Redeclaring math symbol \jmath on input line 276.
LaTeX Font Info:    Redeclaring math symbol \wp on input line 277.
)
LaTeX Font Info:    Redeclaring math symbol \hslash on input line 31.
 (C:\Users\josep\AppData\Local\Programs\MiKTeX\tex/latex/psnfss\pifont.sty
Package: pifont 2020/03/25 PSNFSS-v9.3 Pi font support (SPQR) 
LaTeX Font Info:    Trying to load font information for U+pzd on input line 63.


(C:\Users\josep\AppData\Local\Programs\MiKTeX\tex/latex/psnfss\upzd.fd
File: upzd.fd 2001/06/04 font definitions for U/pzd.
)
LaTeX Font Info:    Trying to load font information for U+psy on input line 64.


(C:\Users\josep\AppData\Local\Programs\MiKTeX\tex/latex/psnfss\upsy.fd
File: upsy.fd 2001/06/04 font definitions for U/psy.
))
(C:\Users\josep\AppData\Local\Programs\MiKTeX\tex/latex/fontawesome5\fontawesom
e5.sty
Package: fontawesome5 2022/05/02 v5.15.4 Font Awesome 5

(C:\Users\josep\AppData\Local\Programs\MiKTeX\tex/latex/l3packages/l3keys2e\l3k
eys2e.sty
Package: l3keys2e 2025-10-09 LaTeX2e option processing using LaTeX3 keys
)
(C:\Users\josep\AppData\Local\Programs\MiKTeX\tex/latex/fontawesome5\fontawesom
e5-generic-helper.sty
Package: fontawesome5-generic-helper 2022/05/02 v5.15.4 non-uTeX helper for fon
tawesome5

(C:\Users\josep\AppData\Local\Programs\MiKTeX\tex/latex/fontawesome5\fontawesom
e5-mapping.def)))
(C:\Users\josep\AppData\Local\Programs\MiKTeX\tex/latex/tocloft\tocloft.sty
Package: tocloft 2017/08/31 v2.3i parameterised ToC, etc., typesetting
Package tocloft Info: The document has chapter divisions on input line 51.
\cftparskip=\skip57
\cftbeforetoctitleskip=\skip58
\cftaftertoctitleskip=\skip59
\cftbeforepartskip=\skip60
\cftpartnumwidth=\skip61
\cftpartindent=\skip62
\cftbeforechapskip=\skip63
\cftchapindent=\skip64
\cftchapnumwidth=\skip65
\cftbeforesecskip=\skip66
\cftsecindent=\skip67
\cftsecnumwidth=\skip68
\cftbeforesubsecskip=\skip69
\cftsubsecindent=\skip70
\cftsubsecnumwidth=\skip71
\cftbeforesubsubsecskip=\skip72
\cftsubsubsecindent=\skip73
\cftsubsubsecnumwidth=\skip74
\cftbeforeparaskip=\skip75
\cftparaindent=\skip76
\cftparanumwidth=\skip77
\cftbeforesubparaskip=\skip78
\cftsubparaindent=\skip79
\cftsubparanumwidth=\skip80
\cftbeforeloftitleskip=\skip81
\cftafterloftitleskip=\skip82
\cftbeforefigskip=\skip83
\cftfigindent=\skip84
\cftfignumwidth=\skip85
\c@lofdepth=\count309
\c@lotdepth=\count310
\cftbeforelottitleskip=\skip86
\cftafterlottitleskip=\skip87
\cftbeforetabskip=\skip88
\cfttabindent=\skip89
\cfttabnumwidth=\skip90
)
\c@addcontentsxms=\count311
\cftbeforeaddcontentsxmsskip=\skip91
\cftaddcontentsxmsindent=\skip92
\cftaddcontentsxmsnumwidth=\skip93
\c@xmsdepth=\count312
\cftbeforexmstitleskip=\skip94
\cftafterxmstitleskip=\skip95

(C:\Users\josep\AppData\Local\Programs\MiKTeX\tex/latex/listings\listings.sty
\lst@mode=\count313
\lst@gtempboxa=\box57
\lst@token=\toks32
\lst@length=\count314
\lst@currlwidth=\dimen182
\lst@column=\count315
\lst@pos=\count316
\lst@lostspace=\dimen183
\lst@width=\dimen184
\lst@newlines=\count317
\lst@lineno=\count318
\lst@maxwidth=\dimen185

(C:\Users\josep\AppData\Local\Programs\MiKTeX\tex/latex/listings\lstpatch.sty
File: lstpatch.sty 2025/11/14 1.11b (Carsten Heinz)
)
(C:\Users\josep\AppData\Local\Programs\MiKTeX\tex/latex/listings\lstmisc.sty
File: lstmisc.sty 2025/11/14 1.11b (Carsten Heinz)
\c@lstnumber=\count319
\lst@skipnumbers=\count320
\lst@framebox=\box58
)
(C:\Users\josep\AppData\Local\Programs\MiKTeX\tex/latex/listings\listings.cfg
File: listings.cfg 2025/11/14 1.11b listings configuration
))
Package: listings 2025/11/14 1.11b (Carsten Heinz)
==> First Aid for listings.sty no longer applied!
    Expected:
        2024/09/23 1.10c (Carsten Heinz)
    but found:
        2025/11/14 1.11b (Carsten Heinz)
    so I'm assuming it got fixed.
(C:\Users\josep\AppData\Local\Programs\MiKTeX\tex/latex/amsmath\amscd.sty
Package: amscd 2017/04/14 v2.1 AMS Commutative Diagrams
\athelp@=\toks33
\minaw@=\dimen186
\bigaw@=\dimen187
\minCDarrowwidth=\dimen188
)
(beccari-v8.sty
Package: beccari-v8 2023 (JMB)
)
(C:\Users\josep\AppData\Local\Programs\MiKTeX\tex/latex/siunitx\siunitx.sty
Package: siunitx 2025-07-09 v3.4.14 A comprehensive (SI) units package
\l__siunitx_number_uncert_offset_int=\count321
\l__siunitx_number_exponent_fixed_int=\count322
\l__siunitx_number_min_decimal_int=\count323
\l__siunitx_number_min_integer_int=\count324
\l__siunitx_number_round_precision_int=\count325
\l__siunitx_number_lower_threshold_int=\count326
\l__siunitx_number_upper_threshold_int=\count327
\l__siunitx_number_group_first_int=\count328
\l__siunitx_number_group_size_int=\count329
\l__siunitx_number_group_minimum_int=\count330
\l__siunitx_angle_tmp_dim=\dimen189
\l__siunitx_angle_marker_box=\box59
\l__siunitx_angle_unit_box=\box60
\l__siunitx_compound_count_int=\count331

(C:\Users\josep\AppData\Local\Programs\MiKTeX\tex/latex/translations\translatio
ns.sty
Package: translations 2022/02/05 v1.12 internationalization of LaTeX2e packages
 (CN)

(C:\Users\josep\AppData\Local\Programs\MiKTeX\tex/generic/pdftexcmds\pdftexcmds
.sty
Package: pdftexcmds 2020-06-27 v0.33 Utility functions of pdfTeX for LuaTeX (HO
)

(C:\Users\josep\AppData\Local\Programs\MiKTeX\tex/generic/infwarerr\infwarerr.s
ty
Package: infwarerr 2019/12/03 v1.5 Providing info/warning/error messages (HO)
)
(C:\Users\josep\AppData\Local\Programs\MiKTeX\tex/generic/ltxcmds\ltxcmds.sty
Package: ltxcmds 2023-12-04 v1.26 LaTeX kernel commands for general use (HO)
)
Package pdftexcmds Info: \pdf@primitive is available.
Package pdftexcmds Info: \pdf@ifprimitive is available.
Package pdftexcmds Info: \pdfdraftmode found.
))
\l__siunitx_table_tmp_box=\box61
\l__siunitx_table_tmp_dim=\dimen190
\l__siunitx_table_column_width_dim=\dimen191
\l__siunitx_table_integer_box=\box62
\l__siunitx_table_decimal_box=\box63
\l__siunitx_table_uncert_box=\box64
\l__siunitx_table_before_box=\box65
\l__siunitx_table_after_box=\box66
\l__siunitx_table_before_dim=\dimen192
\l__siunitx_table_carry_dim=\dimen193
\l__siunitx_unit_tmp_int=\count332
\l__siunitx_unit_position_int=\count333
\l__siunitx_unit_total_int=\count334
)

Package siunitx Info: Option "arc-separator" has been deprecated in this
(siunitx)             release.
(siunitx)             
(siunitx)             Use "angle-separator = \," as a replacement.

 (C:\Users\josep\AppData\Local\Programs\MiKTeX\tex/latex/dirtree\dirtree.sty
Package: dirtree 2012/12/11 v0.32 package wrapper for dirtree

(C:\Users\josep\AppData\Local\Programs\MiKTeX\tex/generic/dirtree\dirtree.tex
`dirtree' v0.32, 2012/12/11 (jcc)
\DT@offset=\dimen194
\DT@width=\dimen195
\DT@sep=\dimen196
\DT@all=\dimen197
\DT@rulewidth=\dimen198
\DT@dotwidth=\dimen199
\DTbaselineskip=\dimen256
\DT@counti=\count335
\DT@countii=\count336
\DT@countiii=\count337
\DT@countiv=\count338
\DT@indent=\dimen257
\DT@parskip=\dimen258
\DT@baselineskip=\dimen259
)
File: dirtree.tex 2012/12/11 v0.32 `dirtree' (jcc)
)
(C:\Users\josep\AppData\Local\Programs\MiKTeX\tex/latex/tools\multicol.sty
Package: multicol 2025/10/21 v2.0b multicolumn formatting (FMi)
\c@tracingmulticols=\count339
\mult@box=\box67
\multicol@leftmargin=\dimen260
\c@unbalance=\count340
\c@collectmore=\count341
\doublecol@number=\count342
\multicoltolerance=\count343
\multicolpretolerance=\count344
\full@width=\dimen261
\page@free=\dimen262
\premulticols=\dimen263
\postmulticols=\dimen264
\multicolsep=\skip96
\multicolbaselineskip=\skip97
\partial@page=\box68
\last@line=\box69
\mc@boxedresult=\box70
\maxbalancingoverflow=\dimen265
\mult@rightbox=\box71
\mult@grightbox=\box72
\mult@firstbox=\box73
\mult@gfirstbox=\box74
\@tempa=\box75
\@tempa=\box76
\@tempa=\box77
\@tempa=\box78
\@tempa=\box79
\@tempa=\box80
\@tempa=\box81
\@tempa=\box82
\@tempa=\box83
\@tempa=\box84
\@tempa=\box85
\@tempa=\box86
\@tempa=\box87
\@tempa=\box88
\@tempa=\box89
\@tempa=\box90
\@tempa=\box91
\@tempa=\box92
\@tempa=\box93
\@tempa=\box94
\@tempa=\box95
\@tempa=\box96
\@tempa=\box97
\@tempa=\box98
\@tempa=\box99
\@tempa=\box100
\@tempa=\box101
\@tempa=\box102
\@tempa=\box103
\@tempa=\box104
\@tempa=\box105
\@tempa=\box106
\@tempa=\box107
\@tempa=\box108
\@tempa=\box109
\@tempa=\box110
\c@minrows=\count345
\c@columnbadness=\count346
\c@finalcolumnbadness=\count347
\last@try=\dimen266
\multicolovershoot=\dimen267
\multicolundershoot=\dimen268
\mult@nat@firstbox=\box111
\colbreak@box=\box112
\mc@col@check@num=\count348
\g__mc_curr_col_int=\count349
)
(C:\Users\josep\AppData\Local\Programs\MiKTeX\tex/latex/tools\longtable.sty
Package: longtable 2025-10-13 v4.24 Multi-page Table package (DPC)
\LTleft=\skip98
\LTright=\skip99
\LTpre=\skip100
\LTpost=\skip101
\LTchunksize=\count350
\LTcapwidth=\dimen269
\LT@head=\box113
\LT@firsthead=\box114
\LT@foot=\box115
\LT@lastfoot=\box116
\LT@gbox=\box117
\LT@cols=\count351
\LT@rows=\count352
\c@LT@tables=\count353
\c@LT@chunks=\count354
\LT@p@ftn=\toks34
)
(C:\Users\josep\AppData\Local\Programs\MiKTeX\tex/latex/booktabs\booktabs.sty
Package: booktabs 2020/01/12 v1.61803398 Publication quality tables
\heavyrulewidth=\dimen270
\lightrulewidth=\dimen271
\cmidrulewidth=\dimen272
\belowrulesep=\dimen273
\belowbottomsep=\dimen274
\aboverulesep=\dimen275
\abovetopsep=\dimen276
\cmidrulesep=\dimen277
\cmidrulekern=\dimen278
\defaultaddspace=\dimen279
\@cmidla=\count355
\@cmidlb=\count356
\@aboverulesep=\dimen280
\@belowrulesep=\dimen281
\@thisruleclass=\count357
\@lastruleclass=\count358
\@thisrulewidth=\dimen282
)
(C:\Users\josep\AppData\Local\Programs\MiKTeX\tex/latex/multirow\multirow.sty
Package: multirow 2024/11/12 v2.9 Span multiple rows of a table
\multirow@colwidth=\skip102
\multirow@cntb=\count359
\multirow@dima=\skip103
\bigstrutjot=\dimen283
)
(C:\Users\josep\AppData\Local\Programs\MiKTeX\tex/latex/threeparttablex\threepa
rttablex.sty
Package: threeparttablex 2013/07/23 v0.3 by daleif

(C:\Users\josep\AppData\Local\Programs\MiKTeX\tex/latex/threeparttable\threepar
ttable.sty
Package: threeparttable 2003/06/13  v 3.0
\@tempboxb=\box118
)
(C:\Users\josep\AppData\Local\Programs\MiKTeX\tex/latex/environ\environ.sty
Package: environ 2014/05/04 v0.3 A new way to define environments

(C:\Users\josep\AppData\Local\Programs\MiKTeX\tex/latex/trimspaces\trimspaces.s
ty
Package: trimspaces 2009/09/17 v1.1 Trim spaces around a token list
))
\TPTL@width=\skip104
)
(C:\Users\josep\AppData\Local\Programs\MiKTeX\tex/latex/caption\caption.sty
Package: caption 2023/08/05 v3.6o Customizing captions (AR)

(C:\Users\josep\AppData\Local\Programs\MiKTeX\tex/latex/caption\caption3.sty
Package: caption3 2023/07/31 v2.4d caption3 kernel (AR)
\caption@tempdima=\dimen284
\captionmargin=\dimen285
\caption@leftmargin=\dimen286
\caption@rightmargin=\dimen287
\caption@width=\dimen288
\caption@indent=\dimen289
\caption@parindent=\dimen290
\caption@hangindent=\dimen291
Package caption Info: Standard document class detected.
)
\c@caption@flags=\count360
\c@continuedfloat=\count361
Package caption Info: listings package is loaded.
Package caption Info: longtable package is loaded.

(C:\Users\josep\AppData\Local\Programs\MiKTeX\tex/latex/caption\ltcaption.sty
Package: ltcaption 2021/01/08 v1.4c longtable captions (AR)
)
Package caption Info: threeparttable package is loaded.
)
(C:\Users\josep\AppData\Local\Programs\MiKTeX\tex/latex/transparent\transparent
.sty
Package: transparent 2025-06-23 v1.6 Transparency with color stacks

(C:\Users\josep\AppData\Local\Programs\MiKTeX\tex/latex/transparent\transparent
-nometadata.sty
Package: transparent-nometadata 2025-06-23 v1.6 Transparency via pdfTeX's color
 stack (HO)

(C:\Users\josep\AppData\Local\Programs\MiKTeX\tex/latex/auxhook\auxhook.sty
Package: auxhook 2019-12-17 v1.6 Hooks for auxiliary files (HO)
)))
(C:\Users\josep\AppData\Local\Programs\MiKTeX\tex/latex/tcolorbox\tcolorbox.sty
Package: tcolorbox 2025/11/28 version 6.9.0 text color boxes

(C:\Users\josep\AppData\Local\Programs\MiKTeX\tex/latex/pgf/frontendlayer\tikz.
sty
(C:\Users\josep\AppData\Local\Programs\MiKTeX\tex/latex/pgf/basiclayer\pgf.sty
(C:\Users\josep\AppData\Local\Programs\MiKTeX\tex/latex/pgf/utilities\pgfrcs.st
y
(C:\Users\josep\AppData\Local\Programs\MiKTeX\tex/generic/pgf/utilities\pgfutil
-common.tex
\pgfutil@everybye=\toks35
\pgfutil@tempdima=\dimen292
\pgfutil@tempdimb=\dimen293
)
(C:\Users\josep\AppData\Local\Programs\MiKTeX\tex/generic/pgf/utilities\pgfutil
-latex.def
\pgfutil@abb=\box119
)
(C:\Users\josep\AppData\Local\Programs\MiKTeX\tex/generic/pgf/utilities\pgfrcs.
code.tex
(C:\Users\josep\AppData\Local\Programs\MiKTeX\tex/generic/pgf\pgf.revision.tex)
Package: pgfrcs 2025-08-29 v3.1.11a (3.1.11a)
))
Package: pgf 2025-08-29 v3.1.11a (3.1.11a)

(C:\Users\josep\AppData\Local\Programs\MiKTeX\tex/latex/pgf/basiclayer\pgfcore.
sty
(C:\Users\josep\AppData\Local\Programs\MiKTeX\tex/latex/pgf/systemlayer\pgfsys.
sty
(C:\Users\josep\AppData\Local\Programs\MiKTeX\tex/generic/pgf/systemlayer\pgfsy
s.code.tex
Package: pgfsys 2025-08-29 v3.1.11a (3.1.11a)

(C:\Users\josep\AppData\Local\Programs\MiKTeX\tex/generic/pgf/utilities\pgfkeys
.code.tex
\pgfkeys@pathtoks=\toks36
\pgfkeys@temptoks=\toks37

(C:\Users\josep\AppData\Local\Programs\MiKTeX\tex/generic/pgf/utilities\pgfkeys
libraryfiltered.code.tex
\pgfkeys@tmptoks=\toks38
))
\pgf@x=\dimen294
\pgf@y=\dimen295
\pgf@xa=\dimen296
\pgf@ya=\dimen297
\pgf@xb=\dimen298
\pgf@yb=\dimen299
\pgf@xc=\dimen300
\pgf@yc=\dimen301
\pgf@xd=\dimen302
\pgf@yd=\dimen303
\w@pgf@writea=\write3
\r@pgf@reada=\read4
\c@pgf@counta=\count362
\c@pgf@countb=\count363
\c@pgf@countc=\count364
\c@pgf@countd=\count365
\t@pgf@toka=\toks39
\t@pgf@tokb=\toks40
\t@pgf@tokc=\toks41
\pgf@sys@id@count=\count366

(C:\Users\josep\AppData\Local\Programs\MiKTeX\tex/generic/pgf/systemlayer\pgf.c
fg
File: pgf.cfg 2025-08-29 v3.1.11a (3.1.11a)
)
Driver file for pgf: pgfsys-pdftex.def

(C:\Users\josep\AppData\Local\Programs\MiKTeX\tex/generic/pgf/systemlayer\pgfsy
s-pdftex.def
File: pgfsys-pdftex.def 2025-08-29 v3.1.11a (3.1.11a)

(C:\Users\josep\AppData\Local\Programs\MiKTeX\tex/generic/pgf/systemlayer\pgfsy
s-common-pdf.def
File: pgfsys-common-pdf.def 2025-08-29 v3.1.11a (3.1.11a)
)))
(C:\Users\josep\AppData\Local\Programs\MiKTeX\tex/generic/pgf/systemlayer\pgfsy
ssoftpath.code.tex
File: pgfsyssoftpath.code.tex 2025-08-29 v3.1.11a (3.1.11a)
\pgfsyssoftpath@smallbuffer@items=\count367
\pgfsyssoftpath@bigbuffer@items=\count368
)
(C:\Users\josep\AppData\Local\Programs\MiKTeX\tex/generic/pgf/systemlayer\pgfsy
sprotocol.code.tex
File: pgfsysprotocol.code.tex 2025-08-29 v3.1.11a (3.1.11a)
))
(C:\Users\josep\AppData\Local\Programs\MiKTeX\tex/generic/pgf/basiclayer\pgfcor
e.code.tex
Package: pgfcore 2025-08-29 v3.1.11a (3.1.11a)

(C:\Users\josep\AppData\Local\Programs\MiKTeX\tex/generic/pgf/math\pgfmath.code
.tex
(C:\Users\josep\AppData\Local\Programs\MiKTeX\tex/generic/pgf/math\pgfmathutil.
code.tex)
(C:\Users\josep\AppData\Local\Programs\MiKTeX\tex/generic/pgf/math\pgfmathparse
r.code.tex
\pgfmath@dimen=\dimen304
\pgfmath@count=\count369
\pgfmath@box=\box120
\pgfmath@toks=\toks42
\pgfmath@stack@operand=\toks43
\pgfmath@stack@operation=\toks44
)
(C:\Users\josep\AppData\Local\Programs\MiKTeX\tex/generic/pgf/math\pgfmathfunct
ions.code.tex)
(C:\Users\josep\AppData\Local\Programs\MiKTeX\tex/generic/pgf/math\pgfmathfunct
ions.basic.code.tex)
(C:\Users\josep\AppData\Local\Programs\MiKTeX\tex/generic/pgf/math\pgfmathfunct
ions.trigonometric.code.tex)
(C:\Users\josep\AppData\Local\Programs\MiKTeX\tex/generic/pgf/math\pgfmathfunct
ions.random.code.tex)
(C:\Users\josep\AppData\Local\Programs\MiKTeX\tex/generic/pgf/math\pgfmathfunct
ions.comparison.code.tex)
(C:\Users\josep\AppData\Local\Programs\MiKTeX\tex/generic/pgf/math\pgfmathfunct
ions.base.code.tex)
(C:\Users\josep\AppData\Local\Programs\MiKTeX\tex/generic/pgf/math\pgfmathfunct
ions.round.code.tex)
(C:\Users\josep\AppData\Local\Programs\MiKTeX\tex/generic/pgf/math\pgfmathfunct
ions.misc.code.tex)
(C:\Users\josep\AppData\Local\Programs\MiKTeX\tex/generic/pgf/math\pgfmathfunct
ions.integerarithmetics.code.tex)
(C:\Users\josep\AppData\Local\Programs\MiKTeX\tex/generic/pgf/math\pgfmathcalc.
code.tex)
(C:\Users\josep\AppData\Local\Programs\MiKTeX\tex/generic/pgf/math\pgfmathfloat
.code.tex
\c@pgfmathroundto@lastzeros=\count370
))
(C:\Users\josep\AppData\Local\Programs\MiKTeX\tex/generic/pgf/math\pgfint.code.
tex)
(C:\Users\josep\AppData\Local\Programs\MiKTeX\tex/generic/pgf/basiclayer\pgfcor
epoints.code.tex
File: pgfcorepoints.code.tex 2025-08-29 v3.1.11a (3.1.11a)
\pgf@picminx=\dimen305
\pgf@picmaxx=\dimen306
\pgf@picminy=\dimen307
\pgf@picmaxy=\dimen308
\pgf@pathminx=\dimen309
\pgf@pathmaxx=\dimen310
\pgf@pathminy=\dimen311
\pgf@pathmaxy=\dimen312
\pgf@xx=\dimen313
\pgf@xy=\dimen314
\pgf@yx=\dimen315
\pgf@yy=\dimen316
\pgf@zx=\dimen317
\pgf@zy=\dimen318
)
(C:\Users\josep\AppData\Local\Programs\MiKTeX\tex/generic/pgf/basiclayer\pgfcor
epathconstruct.code.tex
File: pgfcorepathconstruct.code.tex 2025-08-29 v3.1.11a (3.1.11a)
\pgf@path@lastx=\dimen319
\pgf@path@lasty=\dimen320
)
(C:\Users\josep\AppData\Local\Programs\MiKTeX\tex/generic/pgf/basiclayer\pgfcor
epathusage.code.tex
File: pgfcorepathusage.code.tex 2025-08-29 v3.1.11a (3.1.11a)
\pgf@shorten@end@additional=\dimen321
\pgf@shorten@start@additional=\dimen322
)
(C:\Users\josep\AppData\Local\Programs\MiKTeX\tex/generic/pgf/basiclayer\pgfcor
escopes.code.tex
File: pgfcorescopes.code.tex 2025-08-29 v3.1.11a (3.1.11a)
\pgfpic=\box121
\pgf@hbox=\box122
\pgf@layerbox@main=\box123
\pgf@picture@serial@count=\count371
)
(C:\Users\josep\AppData\Local\Programs\MiKTeX\tex/generic/pgf/basiclayer\pgfcor
egraphicstate.code.tex
File: pgfcoregraphicstate.code.tex 2025-08-29 v3.1.11a (3.1.11a)
\pgflinewidth=\dimen323
)
(C:\Users\josep\AppData\Local\Programs\MiKTeX\tex/generic/pgf/basiclayer\pgfcor
etransformations.code.tex
File: pgfcoretransformations.code.tex 2025-08-29 v3.1.11a (3.1.11a)
\pgf@pt@x=\dimen324
\pgf@pt@y=\dimen325
\pgf@pt@temp=\dimen326
)
(C:\Users\josep\AppData\Local\Programs\MiKTeX\tex/generic/pgf/basiclayer\pgfcor
equick.code.tex
File: pgfcorequick.code.tex 2025-08-29 v3.1.11a (3.1.11a)
)
(C:\Users\josep\AppData\Local\Programs\MiKTeX\tex/generic/pgf/basiclayer\pgfcor
eobjects.code.tex
File: pgfcoreobjects.code.tex 2025-08-29 v3.1.11a (3.1.11a)
)
(C:\Users\josep\AppData\Local\Programs\MiKTeX\tex/generic/pgf/basiclayer\pgfcor
epathprocessing.code.tex
File: pgfcorepathprocessing.code.tex 2025-08-29 v3.1.11a (3.1.11a)
)
(C:\Users\josep\AppData\Local\Programs\MiKTeX\tex/generic/pgf/basiclayer\pgfcor
earrows.code.tex
File: pgfcorearrows.code.tex 2025-08-29 v3.1.11a (3.1.11a)
\pgfarrowsep=\dimen327
)
(C:\Users\josep\AppData\Local\Programs\MiKTeX\tex/generic/pgf/basiclayer\pgfcor
eshade.code.tex
File: pgfcoreshade.code.tex 2025-08-29 v3.1.11a (3.1.11a)
\pgf@max=\dimen328
\pgf@sys@shading@range@num=\count372
\pgf@shadingcount=\count373
)
(C:\Users\josep\AppData\Local\Programs\MiKTeX\tex/generic/pgf/basiclayer\pgfcor
eimage.code.tex
File: pgfcoreimage.code.tex 2025-08-29 v3.1.11a (3.1.11a)
)
(C:\Users\josep\AppData\Local\Programs\MiKTeX\tex/generic/pgf/basiclayer\pgfcor
eexternal.code.tex
File: pgfcoreexternal.code.tex 2025-08-29 v3.1.11a (3.1.11a)
\pgfexternal@startupbox=\box124
)
(C:\Users\josep\AppData\Local\Programs\MiKTeX\tex/generic/pgf/basiclayer\pgfcor
elayers.code.tex
File: pgfcorelayers.code.tex 2025-08-29 v3.1.11a (3.1.11a)
)
(C:\Users\josep\AppData\Local\Programs\MiKTeX\tex/generic/pgf/basiclayer\pgfcor
etransparency.code.tex
File: pgfcoretransparency.code.tex 2025-08-29 v3.1.11a (3.1.11a)
)
(C:\Users\josep\AppData\Local\Programs\MiKTeX\tex/generic/pgf/basiclayer\pgfcor
epatterns.code.tex
File: pgfcorepatterns.code.tex 2025-08-29 v3.1.11a (3.1.11a)
)
(C:\Users\josep\AppData\Local\Programs\MiKTeX\tex/generic/pgf/basiclayer\pgfcor
erdf.code.tex
File: pgfcorerdf.code.tex 2025-08-29 v3.1.11a (3.1.11a)
)))
(C:\Users\josep\AppData\Local\Programs\MiKTeX\tex/generic/pgf/modules\pgfmodule
shapes.code.tex
File: pgfmoduleshapes.code.tex 2025-08-29 v3.1.11a (3.1.11a)
\pgfnodeparttextbox=\box125
)
(C:\Users\josep\AppData\Local\Programs\MiKTeX\tex/generic/pgf/modules\pgfmodule
plot.code.tex
File: pgfmoduleplot.code.tex 2025-08-29 v3.1.11a (3.1.11a)
)
(C:\Users\josep\AppData\Local\Programs\MiKTeX\tex/latex/pgf/compatibility\pgfco
mp-version-0-65.sty
Package: pgfcomp-version-0-65 2025-08-29 v3.1.11a (3.1.11a)
\pgf@nodesepstart=\dimen329
\pgf@nodesepend=\dimen330
)
(C:\Users\josep\AppData\Local\Programs\MiKTeX\tex/latex/pgf/compatibility\pgfco
mp-version-1-18.sty
Package: pgfcomp-version-1-18 2025-08-29 v3.1.11a (3.1.11a)
))
(C:\Users\josep\AppData\Local\Programs\MiKTeX\tex/latex/pgf/utilities\pgffor.st
y
(C:\Users\josep\AppData\Local\Programs\MiKTeX\tex/latex/pgf/utilities\pgfkeys.s
ty
(C:\Users\josep\AppData\Local\Programs\MiKTeX\tex/generic/pgf/utilities\pgfkeys
.code.tex))
(C:\Users\josep\AppData\Local\Programs\MiKTeX\tex/latex/pgf/math\pgfmath.sty
(C:\Users\josep\AppData\Local\Programs\MiKTeX\tex/generic/pgf/math\pgfmath.code
.tex))
(C:\Users\josep\AppData\Local\Programs\MiKTeX\tex/generic/pgf/utilities\pgffor.
code.tex
Package: pgffor 2025-08-29 v3.1.11a (3.1.11a)
\pgffor@iter=\dimen331
\pgffor@skip=\dimen332
\pgffor@stack=\toks45
\pgffor@toks=\toks46
))
(C:\Users\josep\AppData\Local\Programs\MiKTeX\tex/generic/pgf/frontendlayer/tik
z\tikz.code.tex
Package: tikz 2025-08-29 v3.1.11a (3.1.11a)

(C:\Users\josep\AppData\Local\Programs\MiKTeX\tex/generic/pgf/libraries\pgflibr
aryplothandlers.code.tex
File: pgflibraryplothandlers.code.tex 2025-08-29 v3.1.11a (3.1.11a)
\pgf@plot@mark@count=\count374
\pgfplotmarksize=\dimen333
)
\tikz@lastx=\dimen334
\tikz@lasty=\dimen335
\tikz@lastxsaved=\dimen336
\tikz@lastysaved=\dimen337
\tikz@lastmovetox=\dimen338
\tikz@lastmovetoy=\dimen339
\tikzleveldistance=\dimen340
\tikzsiblingdistance=\dimen341
\tikz@figbox=\box126
\tikz@figbox@bg=\box127
\tikz@tempbox=\box128
\tikz@tempbox@bg=\box129
\tikztreelevel=\count375
\tikznumberofchildren=\count376
\tikznumberofcurrentchild=\count377
\tikz@fig@count=\count378

(C:\Users\josep\AppData\Local\Programs\MiKTeX\tex/generic/pgf/modules\pgfmodule
matrix.code.tex
File: pgfmodulematrix.code.tex 2025-08-29 v3.1.11a (3.1.11a)
\pgfmatrixcurrentrow=\count379
\pgfmatrixcurrentcolumn=\count380
\pgf@matrix@numberofcolumns=\count381
)
\tikz@expandcount=\count382

(C:\Users\josep\AppData\Local\Programs\MiKTeX\tex/generic/pgf/frontendlayer/tik
z/libraries\tikzlibrarytopaths.code.tex
File: tikzlibrarytopaths.code.tex 2025-08-29 v3.1.11a (3.1.11a)
)))
(C:\Users\josep\AppData\Local\Programs\MiKTeX\tex/latex/tools\verbatim.sty
Package: verbatim 2024-01-22 v1.5x LaTeX2e package for verbatim enhancements
\every@verbatim=\toks47
\verbatim@line=\toks48
\verbatim@in@stream=\read5
)
\tcb@titlebox=\box130
\tcb@upperbox=\box131
\tcb@lowerbox=\box132
\tcb@phantombox=\box133
\c@tcbbreakpart=\count383
\c@tcblayer=\count384
\c@tcolorbox@number=\count385
\l__tcobox_tmpa_box=\box134
\l__tcobox_tmpa_dim=\dimen342
\tcb@temp=\box135
\tcb@temp=\box136
\tcb@temp=\box137
\tcb@temp=\box138
)
(C:\Users\josep\AppData\Local\Programs\MiKTeX\tex/latex/mdframed\mdframed.sty
Package: mdframed 2013/07/01 1.9b: mdframed

(C:\Users\josep\AppData\Local\Programs\MiKTeX\tex/latex/kvoptions\kvoptions.sty
Package: kvoptions 2022-06-15 v3.15 Key value format for package options (HO)

(C:\Users\josep\AppData\Local\Programs\MiKTeX\tex/latex/kvsetkeys\kvsetkeys.sty
Package: kvsetkeys 2022-10-05 v1.19 Key value parser (HO)
))
(C:\Users\josep\AppData\Local\Programs\MiKTeX\tex/latex/zref\zref-abspage.sty
Package: zref-abspage 2025-06-08 v2.36 Module abspage for zref (HO)

(C:\Users\josep\AppData\Local\Programs\MiKTeX\tex/latex/zref\zref-base.sty
Package: zref-base 2025-06-08 v2.36 Module base for zref (HO)

(C:\Users\josep\AppData\Local\Programs\MiKTeX\tex/generic/kvdefinekeys\kvdefine
keys.sty
Package: kvdefinekeys 2019-12-19 v1.6 Define keys (HO)
)
(C:\Users\josep\AppData\Local\Programs\MiKTeX\tex/generic/etexcmds\etexcmds.sty
Package: etexcmds 2019/12/15 v1.7 Avoid name clashes with e-TeX commands (HO)
)
Package zref Info: New property list: main on input line 767.
Package zref Info: New property: default on input line 768.
Package zref Info: New property: page on input line 769.
)
\c@abspage=\count386
Package zref Info: New property: abspage on input line 67.
)
(C:\Users\josep\AppData\Local\Programs\MiKTeX\tex/latex/needspace\needspace.sty
Package: needspace 2025/03/13 v1.3e reserve vertical space
)
\mdf@templength=\skip105
\c@mdf@globalstyle@cnt=\count387
\mdf@skipabove@length=\skip106
\mdf@skipbelow@length=\skip107
\mdf@leftmargin@length=\skip108
\mdf@rightmargin@length=\skip109
\mdf@innerleftmargin@length=\skip110
\mdf@innerrightmargin@length=\skip111
\mdf@innertopmargin@length=\skip112
\mdf@innerbottommargin@length=\skip113
\mdf@splittopskip@length=\skip114
\mdf@splitbottomskip@length=\skip115
\mdf@outermargin@length=\skip116
\mdf@innermargin@length=\skip117
\mdf@linewidth@length=\skip118
\mdf@innerlinewidth@length=\skip119
\mdf@middlelinewidth@length=\skip120
\mdf@outerlinewidth@length=\skip121
\mdf@roundcorner@length=\skip122
\mdf@footenotedistance@length=\skip123
\mdf@userdefinedwidth@length=\skip124
\mdf@needspace@length=\skip125
\mdf@frametitleaboveskip@length=\skip126
\mdf@frametitlebelowskip@length=\skip127
\mdf@frametitlerulewidth@length=\skip128
\mdf@frametitleleftmargin@length=\skip129
\mdf@frametitlerightmargin@length=\skip130
\mdf@shadowsize@length=\skip131
\mdf@extratopheight@length=\skip132
\mdf@subtitleabovelinewidth@length=\skip133
\mdf@subtitlebelowlinewidth@length=\skip134
\mdf@subtitleaboveskip@length=\skip135
\mdf@subtitlebelowskip@length=\skip136
\mdf@subtitleinneraboveskip@length=\skip137
\mdf@subtitleinnerbelowskip@length=\skip138
\mdf@subsubtitleabovelinewidth@length=\skip139
\mdf@subsubtitlebelowlinewidth@length=\skip140
\mdf@subsubtitleaboveskip@length=\skip141
\mdf@subsubtitlebelowskip@length=\skip142
\mdf@subsubtitleinneraboveskip@length=\skip143
\mdf@subsubtitleinnerbelowskip@length=\skip144

(C:\Users\josep\AppData\Local\Programs\MiKTeX\tex/latex/mdframed\md-frame-1.mdf
File: md-frame-1.mdf 2013/07/01\ 1.9b: md-frame-1
)
\mdf@frametitlebox=\box139
\mdf@footnotebox=\box140
\mdf@splitbox@one=\box141
\mdf@splitbox@two=\box142
\mdf@splitbox@save=\box143
\mdfsplitboxwidth=\skip145
\mdfsplitboxtotalwidth=\skip146
\mdfsplitboxheight=\skip147
\mdfsplitboxdepth=\skip148
\mdfsplitboxtotalheight=\skip149
\mdfframetitleboxwidth=\skip150
\mdfframetitleboxtotalwidth=\skip151
\mdfframetitleboxheight=\skip152
\mdfframetitleboxdepth=\skip153
\mdfframetitleboxtotalheight=\skip154
\mdffootnoteboxwidth=\skip155
\mdffootnoteboxtotalwidth=\skip156
\mdffootnoteboxheight=\skip157
\mdffootnoteboxdepth=\skip158
\mdffootnoteboxtotalheight=\skip159
\mdftotallinewidth=\skip160
\mdfboundingboxwidth=\skip161
\mdfboundingboxtotalwidth=\skip162
\mdfboundingboxheight=\skip163
\mdfboundingboxdepth=\skip164
\mdfboundingboxtotalheight=\skip165
\mdf@freevspace@length=\skip166
\mdf@horizontalwidthofbox@length=\skip167
\mdf@verticalmarginwhole@length=\skip168
\mdf@horizontalspaceofbox=\skip169
\mdfsubtitleheight=\skip170
\mdfsubsubtitleheight=\skip171
\c@mdfcountframes=\count388

****** mdframed patching \endmdf@trivlist

****** -- success******

\mdf@envdepth=\count389
\c@mdf@env@i=\count390
\c@mdf@env@ii=\count391
\c@mdf@zref@counter=\count392
Package zref Info: New property: mdf@pagevalue on input line 895.
)
\c@exemple=\count393

(C:\Users\josep\AppData\Local\Programs\MiKTeX\tex/latex/fancyhdr\fancyhdr.sty
Package: fancyhdr 2025/02/07 v5.2 Extensive control of page headers and footers

\f@nch@headwidth=\skip172
\f@nch@offset@elh=\skip173
\f@nch@offset@erh=\skip174
\f@nch@offset@olh=\skip175
\f@nch@offset@orh=\skip176
\f@nch@offset@elf=\skip177
\f@nch@offset@erf=\skip178
\f@nch@offset@olf=\skip179
\f@nch@offset@orf=\skip180
\f@nch@height=\skip181
\f@nch@footalignment=\skip182
\f@nch@widthL=\skip183
\f@nch@widthC=\skip184
\f@nch@widthR=\skip185
\@temptokenb=\toks49
)
(C:\Users\josep\AppData\Local\Programs\MiKTeX\tex/latex/fncychap\fncychap.sty
Package: fncychap 2007/07/30 v1.34 LaTeX package (Revised chapters)
\RW=\skip186
\mylen=\skip187
\myhi=\skip188
\px=\skip189
\py=\skip190
\pyy=\skip191
\pxx=\skip192
)
(C:\Users\josep\AppData\Local\Programs\MiKTeX\tex/latex/imakeidx\imakeidx.sty
Package: imakeidx 2016/10/15 v1.3e Package for typesetting indices in a synchro
nous mode
)
\"Qüestions Electrotècniques Diverses"@idxfile=\write4
\openout4 = `"Qüestions Electrotècniques Diverses.idx"'.


Writing index file "Qüestions Electrotècniques Diverses".idx
(C:\Users\josep\AppData\Local\Programs\MiKTeX\tex/latex/hyperref\hyperref.sty
Package: hyperref 2025-07-12 v7.01o Hypertext links for LaTeX

(C:\Users\josep\AppData\Local\Programs\MiKTeX\tex/generic/pdfescape\pdfescape.s
ty
Package: pdfescape 2019/12/09 v1.15 Implements pdfTeX's escape features (HO)
) (C:\Users\josep\AppData\Local\Programs\MiKTeX\tex/latex/hycolor\hycolor.sty
Package: hycolor 2020-01-27 v1.10 Color options for hyperref/bookmark (HO)
) (C:\Users\josep\AppData\Local\Programs\MiKTeX\tex/latex/hyperref\nameref.sty
Package: nameref 2025-06-21 v2.57 Cross-referencing by name of section

(C:\Users\josep\AppData\Local\Programs\MiKTeX\tex/latex/refcount\refcount.sty
Package: refcount 2019/12/15 v3.6 Data extraction from label references (HO)
)
(C:\Users\josep\AppData\Local\Programs\MiKTeX\tex/generic/gettitlestring\gettit
lestring.sty
Package: gettitlestring 2019/12/15 v1.6 Cleanup title references (HO)
)
\c@section@level=\count394
)
(C:\Users\josep\AppData\Local\Programs\MiKTeX\tex/generic/stringenc\stringenc.s
ty
Package: stringenc 2019/11/29 v1.12 Convert strings between diff. encodings (HO
)
)
\@linkdim=\dimen343
\Hy@linkcounter=\count395
\Hy@pagecounter=\count396
 (C:\Users\josep\AppData\Local\Programs\MiKTeX\tex/latex/hyperref\pd1enc.def
File: pd1enc.def 2025-07-12 v7.01o Hyperref: PDFDocEncoding definition (HO)
Now handling font encoding PD1 ...
... no UTF-8 mapping file for font encoding PD1
) (C:\Users\josep\AppData\Local\Programs\MiKTeX\tex/generic/intcalc\intcalc.sty
Package: intcalc 2019/12/15 v1.3 Expandable calculations with integers (HO)
)
\Hy@SavedSpaceFactor=\count397
 (C:\Users\josep\AppData\Local\Programs\MiKTeX\tex/latex/hyperref\puenc.def
File: puenc.def 2025-07-12 v7.01o Hyperref: PDF Unicode definition (HO)
Now handling font encoding PU ...
... no UTF-8 mapping file for font encoding PU
)
Package hyperref Info: Option `final' set `true' on input line 4066.
Package hyperref Info: Option `bookmarks' set `true' on input line 4066.
Package hyperref Info: Option `bookmarksopen' set `true' on input line 4066.
Package hyperref Info: Option `bookmarksnumbered' set `true' on input line 4066
.
Package hyperref Info: Option `pdfpagelabels' set `true' on input line 4066.
Package hyperref Info: Option `colorlinks' set `true' on input line 4066.
Package hyperref Info: Option `plainpages' set `false' on input line 4066.
Package hyperref Info: Hyper figures OFF on input line 4195.
Package hyperref Info: Link nesting OFF on input line 4200.
Package hyperref Info: Hyper index ON on input line 4203.
Package hyperref Info: Plain pages OFF on input line 4210.
Package hyperref Info: Backreferencing OFF on input line 4215.
Package hyperref Info: Implicit mode ON; LaTeX internals redefined.
Package hyperref Info: Bookmarks ON on input line 4462.
\c@Hy@tempcnt=\count398

(C:\Users\josep\AppData\Local\Programs\MiKTeX\tex/latex/url\url.sty
\Urlmuskip=\muskip18
Package: url 2013/09/16  ver 3.4  Verb mode for urls, etc.
)
LaTeX Info: Redefining \url on input line 4801.
\XeTeXLinkMargin=\dimen344

(C:\Users\josep\AppData\Local\Programs\MiKTeX\tex/generic/bitset\bitset.sty
Package: bitset 2019/12/09 v1.3 Handle bit-vector datatype (HO)

(C:\Users\josep\AppData\Local\Programs\MiKTeX\tex/generic/bigintcalc\bigintcalc
.sty
Package: bigintcalc 2019/12/15 v1.5 Expandable calculations on big integers (HO
)
))
\Fld@menulength=\count399
\Field@Width=\dimen345
\Fld@charsize=\dimen346
Package hyperref Info: Hyper figures OFF on input line 6078.
Package hyperref Info: Link nesting OFF on input line 6083.
Package hyperref Info: Hyper index ON on input line 6086.
Package hyperref Info: backreferencing OFF on input line 6093.
Package hyperref Info: Link coloring ON on input line 6096.
Package hyperref Info: Link coloring with OCG OFF on input line 6103.
Package hyperref Info: PDF/A mode OFF on input line 6108.
\Hy@abspage=\count400
\c@Item=\count401
\c@Hfootnote=\count402
)
Package hyperref Info: Driver: hpdftex.

(C:\Users\josep\AppData\Local\Programs\MiKTeX\tex/latex/hyperref\hpdftex.def
File: hpdftex.def 2025-07-12 v7.01o Hyperref driver for pdfTeX
\HyAnn@Count=\count403
\Fld@listcount=\count404
\c@bookmark@seq@number=\count405

(C:\Users\josep\AppData\Local\Programs\MiKTeX\tex/latex/rerunfilecheck\rerunfil
echeck.sty
Package: rerunfilecheck 2025-06-21 v1.11 Rerun checks for auxiliary files (HO)

(C:\Users\josep\AppData\Local\Programs\MiKTeX\tex/generic/uniquecounter\uniquec
ounter.sty
Package: uniquecounter 2019/12/15 v1.4 Provide unlimited unique counter (HO)
)
Package uniquecounter Info: New unique counter `rerunfilecheck' on input line 2
84.
)
\Hy@SectionHShift=\skip193
) (Capitols/Titols-Exemples.tex)
LaTeX Font Info:    Font shape `T1/zpltlf/m/n' will be
(Font)              scaled to size 10.95pt on input line 329.

(C:/Users\josep\OneDrive\Documents\TeX Files\Qüestions Electrotècniques Diver
ses\QED-GitHub\v17.0\auxil\Qüestions Electrotècniques Diverses.aux
(C:/Users\josep\OneDrive\Documents\TeX Files\Qüestions Electrotècniques Diver
ses\QED-GitHub\v17.0\auxil\Capitols/Pre-Titol.aux)
Package babel Info: 'catalan' activates 'catalan' shorthands.
(babel)             Reported on input line 11.

(C:/Users\josep\OneDrive\Documents\TeX Files\Qüestions Electrotècniques Diver
ses\QED-GitHub\v17.0\auxil\Capitols/Pre-Prefaci.aux)
(C:/Users\josep\OneDrive\Documents\TeX Files\Qüestions Electrotècniques Diver
ses\QED-GitHub\v17.0\auxil\Capitols/Pre-Notacio.aux)
(C:/Users\josep\OneDrive\Documents\TeX Files\Qüestions Electrotècniques Diver
ses\QED-GitHub\v17.0\auxil\Capitols/Cap-Fonaments.aux)
(C:/Users\josep\OneDrive\Documents\TeX Files\Qüestions Electrotècniques Diver
ses\QED-GitHub\v17.0\auxil\Capitols/Cap-Calculs-Basics.aux)
(C:/Users\josep\OneDrive\Documents\TeX Files\Qüestions Electrotècniques Diver
ses\QED-GitHub\v17.0\auxil\Capitols/Cap-Components-Simetriques.aux)
(C:/Users\josep\OneDrive\Documents\TeX Files\Qüestions Electrotècniques Diver
ses\QED-GitHub\v17.0\auxil\Capitols/Cap-Series-Fourier.aux)
(C:/Users\josep\OneDrive\Documents\TeX Files\Qüestions Electrotècniques Diver
ses\QED-GitHub\v17.0\auxil\Capitols/Cap-Transformada-Laplace.aux)
(C:/Users\josep\OneDrive\Documents\TeX Files\Qüestions Electrotècniques Diver
ses\QED-GitHub\v17.0\auxil\Capitols/Cap-Resistencies.aux)
(C:/Users\josep\OneDrive\Documents\TeX Files\Qüestions Electrotècniques Diver
ses\QED-GitHub\v17.0\auxil\Capitols/Cap-Cables.aux)
(C:/Users\josep\OneDrive\Documents\TeX Files\Qüestions Electrotècniques Diver
ses\QED-GitHub\v17.0\auxil\Capitols/Cap-Trafos-Mes-Prot.aux)
(C:/Users\josep\OneDrive\Documents\TeX Files\Qüestions Electrotècniques Diver
ses\QED-GitHub\v17.0\auxil\Capitols/Cap-Trafos-Potencia.aux)
(C:/Users\josep\OneDrive\Documents\TeX Files\Qüestions Electrotècniques Diver
ses\QED-GitHub\v17.0\auxil\Capitols/Cap-Motors-Induccio.aux)
(C:/Users\josep\OneDrive\Documents\TeX Files\Qüestions Electrotècniques Diver
ses\QED-GitHub\v17.0\auxil\Capitols/Cap-Xarxes-Electriques.aux)
(C:/Users\josep\OneDrive\Documents\TeX Files\Qüestions Electrotècniques Diver
ses\QED-GitHub\v17.0\auxil\Capitols/Cap-Flux-Carregues.aux)
(C:/Users\josep\OneDrive\Documents\TeX Files\Qüestions Electrotècniques Diver
ses\QED-GitHub\v17.0\auxil\Capitols/Cap-Curtcircuits.aux)
(C:/Users\josep\OneDrive\Documents\TeX Files\Qüestions Electrotècniques Diver
ses\QED-GitHub\v17.0\auxil\Capitols/Cap-Normatives-Diverses.aux)
(C:/Users\josep\OneDrive\Documents\TeX Files\Qüestions Electrotècniques Diver
ses\QED-GitHub\v17.0\auxil\Capitols/Cap-Python-Llenguatge.aux)
(C:/Users\josep\OneDrive\Documents\TeX Files\Qüestions Electrotècniques Diver
ses\QED-GitHub\v17.0\auxil\Capitols/Cap-Python-Programes.aux)
(C:/Users\josep\OneDrive\Documents\TeX Files\Qüestions Electrotècniques Diver
ses\QED-GitHub\v17.0\auxil\Capitols/Cap-Python-Exemples.aux)
(C:/Users\josep\OneDrive\Documents\TeX Files\Qüestions Electrotècniques Diver
ses\QED-GitHub\v17.0\auxil\Capitols/Ape-SI.aux)
(C:/Users\josep\OneDrive\Documents\TeX Files\Qüestions Electrotècniques Diver
ses\QED-GitHub\v17.0\auxil\Capitols/Ape-Constants-Fisiques.aux)
(C:/Users\josep\OneDrive\Documents\TeX Files\Qüestions Electrotècniques Diver
ses\QED-GitHub\v17.0\auxil\Capitols/Ape-Relacions-Trigonometriques.aux)
(C:/Users\josep\OneDrive\Documents\TeX Files\Qüestions Electrotècniques Diver
ses\QED-GitHub\v17.0\auxil\Capitols/Ape-Calcul-Numeric.aux)
(C:/Users\josep\OneDrive\Documents\TeX Files\Qüestions Electrotècniques Diver
ses\QED-GitHub\v17.0\auxil\Capitols/Ape-HP-Prime.aux)
(C:/Users\josep\OneDrive\Documents\TeX Files\Qüestions Electrotècniques Diver
ses\QED-GitHub\v17.0\auxil\Capitols/Pos-Historial.aux)
(C:/Users\josep\OneDrive\Documents\TeX Files\Qüestions Electrotècniques Diver
ses\QED-GitHub\v17.0\auxil\Capitols/Pos-Bibliografia.aux))
\openout1 = `"Qüestions Electrotècniques Diverses.aux"'.

LaTeX Font Info:    Checking defaults for OML/npxmi/m/it on input line 329.
LaTeX Font Info:    Trying to load font information for OML+npxmi on input line
 329.

(C:\Users\josep\AppData\Local\Programs\MiKTeX\tex/latex/newpx\omlnpxmi.fd
File: omlnpxmi.fd 2013/03/21 Fontinst v1.933 font definitions for OML/npxmi.
)
LaTeX Font Info:    ... okay on input line 329.
LaTeX Font Info:    Checking defaults for OMS/cmsy/m/n on input line 329.
LaTeX Font Info:    ... okay on input line 329.
LaTeX Font Info:    Checking defaults for OT1/cmr/m/n on input line 329.
LaTeX Font Info:    ... okay on input line 329.
LaTeX Font Info:    Checking defaults for T1/cmr/m/n on input line 329.
LaTeX Font Info:    ... okay on input line 329.
LaTeX Font Info:    Checking defaults for TS1/cmr/m/n on input line 329.
LaTeX Font Info:    ... okay on input line 329.
LaTeX Font Info:    Checking defaults for OMX/cmex/m/n on input line 329.
LaTeX Font Info:    ... okay on input line 329.
LaTeX Font Info:    Checking defaults for U/npxexa/m/n on input line 329.
LaTeX Font Info:    Trying to load font information for U+npxexa on input line 
329.

(C:\Users\josep\AppData\Local\Programs\MiKTeX\tex/latex/newpx\unpxexa.fd
File: unpxexa.fd 2013/03/24 Fontinst v1.933 font definitions for U/npxexa.
)
LaTeX Font Info:    ... okay on input line 329.
LaTeX Font Info:    Checking defaults for LMS/npxsy/m/n on input line 329.
LaTeX Font Info:    Trying to load font information for LMS+npxsy on input line
 329.

(C:\Users\josep\AppData\Local\Programs\MiKTeX\tex/latex/newpx\lmsnpxsy.fd
File: lmsnpxsy.fd 2016/07/04 Fontinst v1.933 font definitions for LMS/npxsy.
)
LaTeX Font Info:    ... okay on input line 329.
LaTeX Font Info:    Checking defaults for LMX/npxexx/m/n on input line 329.
LaTeX Font Info:    Trying to load font information for LMX+npxexx on input lin
e 329.

(C:\Users\josep\AppData\Local\Programs\MiKTeX\tex/latex/newpx\lmxnpxexx.fd
File: lmxnpxexx.fd 2016/07/04 Fontinst v1.933 font definitions for LMX/npxexx.
)
LaTeX Font Info:    ... okay on input line 329.
LaTeX Font Info:    Checking defaults for PD1/pdf/m/n on input line 329.
LaTeX Font Info:    ... okay on input line 329.
LaTeX Font Info:    Checking defaults for PU/pdf/m/n on input line 329.
LaTeX Font Info:    ... okay on input line 329.

(C:\Users\josep\AppData\Local\Programs\MiKTeX\tex/context/base/mkii\supp-pdf.mk
ii
[Loading MPS to PDF converter (version 2006.09.02).]
\scratchcounter=\count406
\scratchdimen=\dimen347
\scratchbox=\box144
\nofMPsegments=\count407
\nofMParguments=\count408
\everyMPshowfont=\toks50
\MPscratchCnt=\count409
\MPscratchDim=\dimen348
\MPnumerator=\count410
\makeMPintoPDFobject=\count411
\everyMPtoPDFconversion=\toks51
)
(C:\Users\josep\AppData\Local\Programs\MiKTeX\tex/latex/epstopdf-pkg\epstopdf-b
ase.sty
Package: epstopdf-base 2020-01-24 v2.11 Base part for package epstopdf
Package epstopdf-base Info: Redefining graphics rule for `.eps' on input line 4
85.

(C:\Users\josep\AppData\Local\Programs\MiKTeX\tex/latex/00miktex\epstopdf-sys.c
fg
File: epstopdf-sys.cfg 2021/03/18 v2.0 Configuration of epstopdf for MiKTeX
))
LaTeX Info: Redefining \l on input line 329.
LaTeX Info: Redefining \L on input line 329.
\c@mv@tabular=\count412
\c@mv@boldtabular=\count413
LaTeX Info: Command `\dddot' is already robust on input line 329.
LaTeX Info: Command `\ddddot' is already robust on input line 329.
\c@lstlisting=\count414

(C:\Users\josep\AppData\Local\Programs\MiKTeX\tex/latex/translations/dicts\tran
slations-basic-dictionary-catalan.trsl
File: translations-basic-dictionary-spanish.trsl (spanish translation file `tra
nslations-basic-dictionary')
)

Package translations Warning: file `translations-basic-dictionary-catalan.trsl'
 does not appear to be a dictionary on input line 329.

Package caption Info: Begin \AtBeginDocument code.
Package caption Info: hyperref package is loaded.
Package caption Info: End \AtBeginDocument code.
Package hyperref Info: Link coloring ON on input line 329.

(C:/Users\josep\OneDrive\Documents\TeX Files\Qüestions Electrotècniques Diver
ses\QED-GitHub\v17.0\auxil\Qüestions Electrotècniques Diverses.out)
(C:/Users\josep\OneDrive\Documents\TeX Files\Qüestions Electrotècniques Diver
ses\QED-GitHub\v17.0\auxil\Qüestions Electrotècniques Diverses.out)
\@outlinefile=\write5
\openout5 = `"Qüestions Electrotècniques Diverses.out"'.

\openout2 = `Capitols/Pre-Titol.aux'.


(Capitols/Pre-Titol.tex
LaTeX Font Info:    Trying to load font information for T1+JosefinSans-LF on in
put line 7.

(C:\Users\josep\AppData\Local\Programs\MiKTeX\tex/latex/josefin\t1josefinsans-l
f.fd
File: T1JosefinSans-LF.fd 2020/09/10 (autoinst) Font definitions for T1/Josefin
Sans-LF.
)
LaTeX Font Info:    Font shape `T1/JosefinSans-LF/m/n' will be
(Font)              scaled to size 65.0pt on input line 7.
LaTeX Font Info:    Font shape `T1/JosefinSans-LF/sb/n' will be
(Font)              scaled to size 65.0pt on input line 7.

Underfull \hbox (badness 10000) in paragraph at lines 7--7

 []

LaTeX Font Info:    Trying to load font information for OT1+minzpl on input lin
e 7.
(C:\Users\josep\AppData\Local\Programs\MiKTeX\tex/latex/newpx\ot1minzpl.fd
File: ot1minzpl.fd 2021/05/25 v1.0 font definition file for OT1/minzpl/TLF
)
LaTeX Font Info:    Font shape `OT1/minzpl/m/n' will be
(Font)              scaled to size 10.95pt on input line 7.
LaTeX Font Info:    Font shape `OT1/minzpl/m/n' will be
(Font)              scaled to size 8.0pt on input line 7.
LaTeX Font Info:    Font shape `OT1/minzpl/m/n' will be
(Font)              scaled to size 6.1pt on input line 7.
LaTeX Font Info:    Font shape `OML/npxmi/m/it' will be
(Font)              scaled to size 10.95pt on input line 7.
LaTeX Font Info:    Font shape `OML/npxmi/m/it' will be
(Font)              scaled to size 8.0pt on input line 7.
LaTeX Font Info:    Font shape `OML/npxmi/m/it' will be
(Font)              scaled to size 6.1pt on input line 7.
LaTeX Font Info:    Font shape `LMS/npxsy/m/n' will be
(Font)              scaled to size 10.95pt on input line 7.
LaTeX Font Info:    Font shape `LMS/npxsy/m/n' will be
(Font)              scaled to size 8.0pt on input line 7.
LaTeX Font Info:    Font shape `LMS/npxsy/m/n' will be
(Font)              scaled to size 6.1pt on input line 7.
LaTeX Font Info:    Font shape `LMX/npxexx/m/n' will be
(Font)              scaled to size 10.95pt on input line 7.
LaTeX Font Info:    Font shape `LMX/npxexx/m/n' will be
(Font)              scaled to size 8.0pt on input line 7.
LaTeX Font Info:    Font shape `LMX/npxexx/m/n' will be
(Font)              scaled to size 6.1pt on input line 7.
LaTeX Font Info:    Trying to load font information for U+npxmia on input line 
7.

(C:\Users\josep\AppData\Local\Programs\MiKTeX\tex/latex/newpx\unpxmia.fd
File: unpxmia.fd 2013/03/24 Fontinst v1.933 font definitions for U/npxmia.
)
LaTeX Font Info:    Font shape `U/npxmia/m/it' will be
(Font)              scaled to size 10.95pt on input line 7.
LaTeX Font Info:    Font shape `U/npxmia/m/it' will be
(Font)              scaled to size 8.0pt on input line 7.
LaTeX Font Info:    Font shape `U/npxmia/m/it' will be
(Font)              scaled to size 6.1pt on input line 7.
LaTeX Font Info:    Trying to load font information for U+npxsym on input line 
7.

(C:\Users\josep\AppData\Local\Programs\MiKTeX\tex/latex/newpx\unpxsym.fd
File: unpxsym.fd 2023/08/16 Fontinst v1.933 font definitions for U/npxsym.
)
LaTeX Font Info:    Font shape `U/npxsym/m/n' will be
(Font)              scaled to size 10.95pt on input line 7.
LaTeX Font Info:    Font shape `U/npxsym/m/n' will be
(Font)              scaled to size 8.0pt on input line 7.
LaTeX Font Info:    Font shape `U/npxsym/m/n' will be
(Font)              scaled to size 6.1pt on input line 7.
LaTeX Font Info:    Trying to load font information for U+npxsyc on input line 
7.

(C:\Users\josep\AppData\Local\Programs\MiKTeX\tex/latex/newpx\unpxsyc.fd
File: unpxsyc.fd 2013/03/24 Fontinst v1.933 font definitions for U/npxsyc.
)
LaTeX Font Info:    Font shape `U/npxsyc/m/n' will be
(Font)              scaled to size 10.95pt on input line 7.
LaTeX Font Info:    Font shape `U/npxsyc/m/n' will be
(Font)              scaled to size 8.0pt on input line 7.
LaTeX Font Info:    Font shape `U/npxsyc/m/n' will be
(Font)              scaled to size 6.1pt on input line 7.
LaTeX Font Info:    Font shape `U/npxexa/m/n' will be
(Font)              scaled to size 10.95pt on input line 7.
LaTeX Font Info:    Font shape `U/npxexa/m/n' will be
(Font)              scaled to size 8.0pt on input line 7.
LaTeX Font Info:    Font shape `U/npxexa/m/n' will be
(Font)              scaled to size 6.1pt on input line 7.
LaTeX Font Info:    Trying to load font information for U+zeur on input line 7.


(C:\Users\josep\AppData\Local\Programs\MiKTeX\tex/latex/eulervm\uzeur.fd
File: uzeur.fd 2005/01/11 v4.0 (WaS)
)
LaTeX Font Info:    Font shape `U/zeur/m/n' will be
(Font)              scaled to size 10.95pt on input line 7.
LaTeX Font Info:    Font shape `U/zeur/m/n' will be
(Font)              scaled to size 8.0pt on input line 7.
LaTeX Font Info:    Font shape `U/zeur/m/n' will be
(Font)              scaled to size 6.1pt on input line 7.
LaTeX Font Info:    Font shape `T1/JosefinSans-LF/m/n' will be
(Font)              scaled to size 40.0pt on input line 9.

Underfull \hbox (badness 10000) in paragraph at lines 9--9

 []


Overfull \hbox (28.45276pt too wide) in paragraph at lines 7--10
[]$[]$
 []


Overfull \hbox (28.45276pt too wide) in paragraph at lines 7--10
[]$ 
 []

<Imatges/Fons-de-portada.pdf, id=1662, 597.50786pt x 845.04686pt>
File: Imatges/Fons-de-portada.pdf Graphic file (type pdf)
<use Imatges/Fons-de-portada.pdf>
Package pdftex.def Info: Imatges/Fons-de-portada.pdf  used on input line 10.
(pdftex.def)             Requested size: 597.5064pt x 845.08348pt.
[1




{C:/Users/josep/AppData/Local/MiKTeX/fonts/map/pdftex/pdftex.map}{C:/Users/jose
p/AppData/Local/Programs/MiKTeX/fonts/enc/dvips/josefin/jfn_d2anrk.enc} <./Imat
ges/Fons-de-portada.pdf>] [2

]
LaTeX Font Info:    Font shape `T1/zpltlf/m/n' will be
(Font)              scaled to size 60.0pt on input line 14.
LaTeX Font Info:    Font shape `T1/zpltlf/m/n' will be
(Font)              scaled to size 40.0pt on input line 18.
LaTeX Font Info:    Font shape `T1/zpltlf/m/n' will be
(Font)              scaled to size 25.0pt on input line 20.
LaTeX Font Info:    Font shape `T1/zpltlf/m/n' will be
(Font)              scaled to size 15.0pt on input line 27.
LaTeX Font Info:    Trying to load font information for U+fontawesomefree0 on i
nput line 30.

(C:\Users\josep\AppData\Local\Programs\MiKTeX\tex/latex/fontawesome5\ufontaweso
mefree0.fd) [3{C:/Users/josep/AppData/Local/Programs/MiKTeX/fonts/enc/dvips/new
tx/ntx-ec-tlf.enc}{C:/Users/josep/AppData/Local/Programs/MiKTeX/fonts/enc/dvips
/fontawesome5/fa5free0.enc}] [4

]
LaTeX Font Info:    Font shape `T1/JosefinSans-LF/m/n' will be
(Font)              scaled to size 10.95pt on input line 49.
LaTeX Font Info:    Font shape `T1/JosefinSans-LF/m/n' will be
(Font)              scaled to size 14.4pt on input line 49.
LaTeX Font Info:    Font shape `T1/JosefinSans-LF/sb/n' will be
(Font)              scaled to size 14.4pt on input line 49.
)
Overfull \hbox (1.64243pt too wide) in paragraph at lines 36--335
[]  $[]$ 
 []

[5] [6



]
LaTeX Font Info:    Font shape `T1/zpltlf/m/n' will be
(Font)              scaled to size 24.88pt on input line 336.
LaTeX Font Info:    Font shape `T1/zpltlf/b/n' will be
(Font)              scaled to size 24.88pt on input line 336.
LaTeX Font Info:    Font shape `T1/JosefinSans-LF/sb/n' will be
(Font)              scaled to size 24.88pt on input line 336.

(C:/Users\josep\OneDrive\Documents\TeX Files\Qüestions Electrotècniques Diver
ses\QED-GitHub\v17.0\auxil\Qüestions Electrotècniques Diverses.toc
LaTeX Font Info:    Font shape `T1/zpltlf/b/n' will be
(Font)              scaled to size 10.95pt on input line 1.
LaTeX Font Info:    Font shape `T1/zpltlf/m/n' will be
(Font)              scaled to size 12.0pt on input line 16.
LaTeX Font Info:    Font shape `T1/zpltlf/b/n' will be
(Font)              scaled to size 12.0pt on input line 16.
LaTeX Font Info:    Font shape `OT1/minzpl/m/n' will be
(Font)              scaled to size 12.0pt on input line 16.
LaTeX Font Info:    Font shape `OT1/minzpl/m/n' will be
(Font)              scaled to size 8.8pt on input line 16.
LaTeX Font Info:    Font shape `OT1/minzpl/m/n' will be
(Font)              scaled to size 6.6pt on input line 16.
LaTeX Font Info:    Font shape `OML/npxmi/m/it' will be
(Font)              scaled to size 12.0pt on input line 16.
LaTeX Font Info:    Font shape `OML/npxmi/m/it' will be
(Font)              scaled to size 8.8pt on input line 16.
LaTeX Font Info:    Font shape `OML/npxmi/m/it' will be
(Font)              scaled to size 6.6pt on input line 16.
LaTeX Font Info:    Font shape `LMS/npxsy/m/n' will be
(Font)              scaled to size 12.0pt on input line 16.
LaTeX Font Info:    Font shape `LMS/npxsy/m/n' will be
(Font)              scaled to size 8.8pt on input line 16.
LaTeX Font Info:    Font shape `LMS/npxsy/m/n' will be
(Font)              scaled to size 6.6pt on input line 16.
LaTeX Font Info:    Font shape `LMX/npxexx/m/n' will be
(Font)              scaled to size 12.0pt on input line 16.
LaTeX Font Info:    Font shape `LMX/npxexx/m/n' will be
(Font)              scaled to size 8.8pt on input line 16.
LaTeX Font Info:    Font shape `LMX/npxexx/m/n' will be
(Font)              scaled to size 6.6pt on input line 16.
LaTeX Font Info:    Font shape `U/npxmia/m/it' will be
(Font)              scaled to size 12.0pt on input line 16.
LaTeX Font Info:    Font shape `U/npxmia/m/it' will be
(Font)              scaled to size 8.8pt on input line 16.
LaTeX Font Info:    Font shape `U/npxmia/m/it' will be
(Font)              scaled to size 6.6pt on input line 16.
LaTeX Font Info:    Font shape `U/npxsym/m/n' will be
(Font)              scaled to size 12.0pt on input line 16.
LaTeX Font Info:    Font shape `U/npxsym/m/n' will be
(Font)              scaled to size 8.8pt on input line 16.
LaTeX Font Info:    Font shape `U/npxsym/m/n' will be
(Font)              scaled to size 6.6pt on input line 16.
LaTeX Font Info:    Font shape `U/npxsyc/m/n' will be
(Font)              scaled to size 12.0pt on input line 16.
LaTeX Font Info:    Font shape `U/npxsyc/m/n' will be
(Font)              scaled to size 8.8pt on input line 16.
LaTeX Font Info:    Font shape `U/npxsyc/m/n' will be
(Font)              scaled to size 6.6pt on input line 16.
LaTeX Font Info:    Font shape `U/npxexa/m/n' will be
(Font)              scaled to size 12.0pt on input line 16.
LaTeX Font Info:    Font shape `U/npxexa/m/n' will be
(Font)              scaled to size 8.8pt on input line 16.
LaTeX Font Info:    Font shape `U/npxexa/m/n' will be
(Font)              scaled to size 6.6pt on input line 16.
LaTeX Font Info:    Font shape `U/zeur/m/n' will be
(Font)              scaled to size 12.0pt on input line 16.
LaTeX Font Info:    Font shape `U/zeur/m/n' will be
(Font)              scaled to size 8.8pt on input line 16.
LaTeX Font Info:    Font shape `U/zeur/m/n' will be
(Font)              scaled to size 6.6pt on input line 16.
LaTeX Font Info:    Font shape `T1/JosefinSans-LF/sb/n' will be
(Font)              scaled to size 10.95pt on input line 31.
 [7]
Package babel Info: 'catalan' activates 'catalan' shorthands.
(babel)             Reported on input line 78.

[8] [9]
LaTeX Font Info:    Font shape `T1/zpltlf/m/it' will be
(Font)              scaled to size 10.95pt on input line 132.
 [10] [11]
LaTeX Font Info:    Trying to load font information for TS1+zpltlf on input lin
e 251.

(C:\Users\josep\AppData\Local\Programs\MiKTeX\tex/latex/newpx\ts1zpltlf.fd
File: ts1zpltlf.fd 2021/11/24 v1.0 fd file for TS1/zpltlf
)
LaTeX Font Info:    Font shape `TS1/zpltlf/m/n' will be
(Font)              scaled to size 10.95pt on input line 251.

[12{C:/Users/josep/AppData/Local/Programs/MiKTeX/fonts/enc/dvips/newpx/zpl_TOsF
.enc}]
LaTeX Info: Symbol \texttwosuperior not provided by
            font family zpltlf in TS1 encoding.
            Default family used instead on input line 308.
LaTeX Info: Symbol \texttwosuperior not provided by
            font family zpltlf in TS1 encoding.
            Default family used instead on input line 309.
 [13{C:/Users/josep/AppData/Local/Programs/MiKTeX/fonts/enc/dvips/cm-super/cm-s
uper-ts1.enc}] [14] [15])
\tf@toc=\write6
\openout6 = `"Qüestions Electrotècniques Diverses.toc"'.

 [16]
(C:/Users\josep\OneDrive\Documents\TeX Files\Qüestions Electrotècniques Diver
ses\QED-GitHub\v17.0\auxil\Qüestions Electrotècniques Diverses.lot
Underfull \vbox (badness 1242) has occurred while \output is active []

 [17

]
LaTeX Font Info:    Font shape `T1/zpltlf/m/n' will be
(Font)              scaled to size 8.0pt on input line 51.
LaTeX Font Info:    Font shape `T1/zpltlf/m/n' will be
(Font)              scaled to size 6.1pt on input line 51.
)
\tf@lot=\write7
\openout7 = `"Qüestions Electrotècniques Diverses.lot"'.


[18]
(C:/Users\josep\OneDrive\Documents\TeX Files\Qüestions Electrotècniques Diver
ses\QED-GitHub\v17.0\auxil\Qüestions Electrotècniques Diverses.lof
Underfull \vbox (badness 1742) has occurred while \output is active []

 [19

]
[20])
\tf@lof=\write8
\openout8 = `"Qüestions Electrotècniques Diverses.lof"'.

 [21] [22

]
(C:/Users\josep\OneDrive\Documents\TeX Files\Qüestions Electrotècniques Diver
ses\QED-GitHub\v17.0\auxil\Qüestions Electrotècniques Diverses.xms
LaTeX Info: Symbol \texttwosuperior not provided by
            font family zpltlf in TS1 encoding.
            Default family used instead on input line 36.
LaTeX Info: Symbol \texttwosuperior not provided by
            font family zpltlf in TS1 encoding.
            Default family used instead on input line 37.
 [23])
\tf@xms=\write9
\openout9 = `"Qüestions Electrotècniques Diverses.xms"'.


[24]
(C:/Users\josep\OneDrive\Documents\TeX Files\Qüestions Electrotècniques Diver
ses\QED-GitHub\v17.0\auxil\Qüestions Electrotècniques Diverses.lol
LaTeX Info: Symbol \texttwosuperior not provided by
            font family zpltlf in TS1 encoding.
            Default family used instead on input line 20.
LaTeX Info: Symbol \texttwosuperior not provided by
            font family zpltlf in TS1 encoding.
            Default family used instead on input line 21.
 [25

])
\tf@lol=\write10
\openout10 = `"Qüestions Electrotècniques Diverses.lol"'.


[26]
\openout2 = `Capitols/Pre-Prefaci.aux'.

 (Capitols/Pre-Prefaci.tex
LaTeX Font Info:    Font shape `T1/JosefinSans-LF/m/n' will be
(Font)              scaled to size 25.0pt on input line 1.
LaTeX Font Info:    Font shape `T1/JosefinSans-LF/sb/n' will be
(Font)              scaled to size 25.0pt on input line 1.
 [1




{C:/Users/josep/AppData/Local/Programs/MiKTeX/fonts/enc/dvips/newpx/px-lms.enc}
] [2] [3{C:/Users/josep/AppData/Local/Programs/MiKTeX/fonts/enc/dvips/newtx/ntx
-ot1-tlf.enc}]
LaTeX Font Info:    Trying to load font information for U+fontawesomebrands1 on
 input line 73.

(C:\Users\josep\AppData\Local\Programs\MiKTeX\tex/latex/fontawesome5\ufontaweso
mebrands1.fd)
LaTeX Font Info:    Font shape `U/fontawesomebrands1/solid/n' in size <10.95> n
ot available
(Font)              Font shape `U/fontawesomebrands1/regular/n' tried instead o
n input line 73.
 [4{C:/Users/josep/AppData/Local/Programs/MiKTeX/fonts/enc/dvips/fontawesome5/f
a5brands1.enc}]
<Imatges/Pre-firma-JMB.pdf, id=2790, 840.25558pt x 405.20284pt>
File: Imatges/Pre-firma-JMB.pdf Graphic file (type pdf)
<use Imatges/Pre-firma-JMB.pdf>
Package pdftex.def Info: Imatges/Pre-firma-JMB.pdf  used on input line 103.
(pdftex.def)             Requested size: 54.61853pt x 26.3391pt.
LaTeX Font Info:    Font shape `T1/zpltlf/m/sc' will be
(Font)              scaled to size 12.0pt on input line 108.
LaTeX Font Info:    Font shape `T1/zpltlf/m/n' will be
(Font)              scaled to size 10.0pt on input line 112.
LaTeX Font Info:    Trying to load font information for U+fontawesomefree1 on i
nput line 112.

(C:\Users\josep\AppData\Local\Programs\MiKTeX\tex/latex/fontawesome5\ufontaweso
mefree1.fd)) [5{C:/Users/josep/AppData/Local/Programs/MiKTeX/fonts/enc/dvips/ne
wtx/ntx-ec-tlf-pc.enc}{C:/Users/josep/AppData/Local/Programs/MiKTeX/fonts/enc/d
vips/fontawesome5/fa5free1.enc} <./Imatges/Pre-firma-JMB.pdf, page is rotated 9
0 degrees>]
\openout2 = `Capitols/Pre-Notacio.aux'.

 (Capitols/Pre-Notacio.tex [6




]
LaTeX Font Info:    Font shape `T1/zpltlf/m/n' will be
(Font)              scaled to size 14.4pt on input line 3.
 [7]
LaTeX Font Info:    Font shape `T1/zpltlf/m/n' will be
(Font)              scaled to size 9.0pt on input line 44.
LaTeX Font Info:    Font shape `OT1/minzpl/m/n' will be
(Font)              scaled to size 9.0pt on input line 44.
LaTeX Font Info:    Font shape `OT1/minzpl/m/n' will be
(Font)              scaled to size 7.3pt on input line 44.
LaTeX Font Info:    Font shape `OT1/minzpl/m/n' will be
(Font)              scaled to size 5.5pt on input line 44.
LaTeX Font Info:    Font shape `OML/npxmi/m/it' will be
(Font)              scaled to size 9.0pt on input line 44.
LaTeX Font Info:    Font shape `OML/npxmi/m/it' will be
(Font)              scaled to size 7.3pt on input line 44.
LaTeX Font Info:    Font shape `OML/npxmi/m/it' will be
(Font)              scaled to size 5.5pt on input line 44.
LaTeX Font Info:    Font shape `LMS/npxsy/m/n' will be
(Font)              scaled to size 9.0pt on input line 44.
LaTeX Font Info:    Font shape `LMS/npxsy/m/n' will be
(Font)              scaled to size 7.3pt on input line 44.
LaTeX Font Info:    Font shape `LMS/npxsy/m/n' will be
(Font)              scaled to size 5.5pt on input line 44.
LaTeX Font Info:    Font shape `LMX/npxexx/m/n' will be
(Font)              scaled to size 9.0pt on input line 44.
LaTeX Font Info:    Font shape `LMX/npxexx/m/n' will be
(Font)              scaled to size 7.3pt on input line 44.
LaTeX Font Info:    Font shape `LMX/npxexx/m/n' will be
(Font)              scaled to size 5.5pt on input line 44.
LaTeX Font Info:    Font shape `U/npxmia/m/it' will be
(Font)              scaled to size 9.0pt on input line 44.
LaTeX Font Info:    Font shape `U/npxmia/m/it' will be
(Font)              scaled to size 7.3pt on input line 44.
LaTeX Font Info:    Font shape `U/npxmia/m/it' will be
(Font)              scaled to size 5.5pt on input line 44.
LaTeX Font Info:    Font shape `U/npxsym/m/n' will be
(Font)              scaled to size 9.0pt on input line 44.
LaTeX Font Info:    Font shape `U/npxsym/m/n' will be
(Font)              scaled to size 7.3pt on input line 44.
LaTeX Font Info:    Font shape `U/npxsym/m/n' will be
(Font)              scaled to size 5.5pt on input line 44.
LaTeX Font Info:    Font shape `U/npxsyc/m/n' will be
(Font)              scaled to size 9.0pt on input line 44.
LaTeX Font Info:    Font shape `U/npxsyc/m/n' will be
(Font)              scaled to size 7.3pt on input line 44.
LaTeX Font Info:    Font shape `U/npxsyc/m/n' will be
(Font)              scaled to size 5.5pt on input line 44.
LaTeX Font Info:    Font shape `U/npxexa/m/n' will be
(Font)              scaled to size 9.0pt on input line 44.
LaTeX Font Info:    Font shape `U/npxexa/m/n' will be
(Font)              scaled to size 7.3pt on input line 44.
LaTeX Font Info:    Font shape `U/npxexa/m/n' will be
(Font)              scaled to size 5.5pt on input line 44.
LaTeX Font Info:    Font shape `U/zeur/m/n' will be
(Font)              scaled to size 9.0pt on input line 44.
LaTeX Font Info:    Font shape `U/zeur/m/n' will be
(Font)              scaled to size 7.3pt on input line 44.
LaTeX Font Info:    Font shape `U/zeur/m/n' will be
(Font)              scaled to size 5.5pt on input line 44.
LaTeX Font Info:    Font shape `T1/zpltlf/m/n' will be
(Font)              scaled to size 7.3pt on input line 44.
LaTeX Font Info:    Trying to load font information for T1+npxtt on input line 
44.

(C:\Users\josep\AppData\Local\Programs\MiKTeX\tex/latex/newpx\t1npxtt.fd
File: t1npxtt.fd 2000/12/14 v1.0
)
LaTeX Font Info:    Font shape `T1/npxtt/m/n' will be
(Font)              scaled to size 9.0pt on input line 44.
LaTeX Font Info:    Font shape `OT1/minzpl/b/n' will be
(Font)              scaled to size 10.95pt on input line 50.
LaTeX Font Info:    Font shape `OT1/minzpl/b/n' will be
(Font)              scaled to size 8.0pt on input line 50.
LaTeX Font Info:    Font shape `OT1/minzpl/b/n' will be
(Font)              scaled to size 6.1pt on input line 50.
LaTeX Font Info:    Font shape `OML/npxmi/b/it' will be
(Font)              scaled to size 10.95pt on input line 50.
LaTeX Font Info:    Font shape `OML/npxmi/b/it' will be
(Font)              scaled to size 8.0pt on input line 50.
LaTeX Font Info:    Font shape `OML/npxmi/b/it' will be
(Font)              scaled to size 6.1pt on input line 50.
LaTeX Font Info:    Font shape `LMS/npxsy/b/n' will be
(Font)              scaled to size 10.95pt on input line 50.
LaTeX Font Info:    Font shape `LMS/npxsy/b/n' will be
(Font)              scaled to size 8.0pt on input line 50.
LaTeX Font Info:    Font shape `LMS/npxsy/b/n' will be
(Font)              scaled to size 6.1pt on input line 50.
LaTeX Font Info:    Font shape `LMX/npxexx/b/n' will be
(Font)              scaled to size 10.95pt on input line 50.
LaTeX Font Info:    Font shape `LMX/npxexx/b/n' will be
(Font)              scaled to size 8.0pt on input line 50.
LaTeX Font Info:    Font shape `LMX/npxexx/b/n' will be
(Font)              scaled to size 6.1pt on input line 50.
LaTeX Font Info:    Font shape `U/npxmia/b/it' will be
(Font)              scaled to size 10.95pt on input line 50.
LaTeX Font Info:    Font shape `U/npxmia/b/it' will be
(Font)              scaled to size 8.0pt on input line 50.
LaTeX Font Info:    Font shape `U/npxmia/b/it' will be
(Font)              scaled to size 6.1pt on input line 50.
LaTeX Font Info:    Font shape `U/npxsym/b/n' will be
(Font)              scaled to size 10.95pt on input line 50.
LaTeX Font Info:    Font shape `U/npxsym/b/n' will be
(Font)              scaled to size 8.0pt on input line 50.
LaTeX Font Info:    Font shape `U/npxsym/b/n' will be
(Font)              scaled to size 6.1pt on input line 50.
LaTeX Font Info:    Font shape `U/npxsyc/b/n' will be
(Font)              scaled to size 10.95pt on input line 50.
LaTeX Font Info:    Font shape `U/npxsyc/b/n' will be
(Font)              scaled to size 8.0pt on input line 50.
LaTeX Font Info:    Font shape `U/npxsyc/b/n' will be
(Font)              scaled to size 6.1pt on input line 50.
LaTeX Font Info:    Font shape `U/npxexa/b/n' will be
(Font)              scaled to size 10.95pt on input line 50.
LaTeX Font Info:    Font shape `U/npxexa/b/n' will be
(Font)              scaled to size 8.0pt on input line 50.
LaTeX Font Info:    Font shape `U/npxexa/b/n' will be
(Font)              scaled to size 6.1pt on input line 50.
LaTeX Font Info:    Font shape `U/zeur/b/n' will be
(Font)              scaled to size 10.95pt on input line 50.
LaTeX Font Info:    Font shape `U/zeur/b/n' will be
(Font)              scaled to size 8.0pt on input line 50.
LaTeX Font Info:    Font shape `U/zeur/b/n' will be
(Font)              scaled to size 6.1pt on input line 50.

[8] (Imatges/Not-Fasor.pdf_tex
<Imatges/Not-Fasor.pdf, id=2826, page=1, 412.56496pt x 170.71654pt>
File: Imatges/Not-Fasor.pdf Graphic file (type pdf)
<use Imatges/Not-Fasor.pdf, page 1>
Package pdftex.def Info: Imatges/Not-Fasor.pdf , page1 used on input line 56.
(pdftex.def)             Requested size: 412.56496pt x 170.71611pt.
LaTeX Font Info:    Font shape `OT1/minzpl/m/n' will be
(Font)              scaled to size 6.2pt on input line 57.
LaTeX Font Info:    Font shape `OML/npxmi/m/it' will be
(Font)              scaled to size 6.2pt on input line 57.
LaTeX Font Info:    Font shape `LMS/npxsy/m/n' will be
(Font)              scaled to size 6.2pt on input line 57.
LaTeX Font Info:    Font shape `LMX/npxexx/m/n' will be
(Font)              scaled to size 6.2pt on input line 57.
LaTeX Font Info:    Font shape `U/npxmia/m/it' will be
(Font)              scaled to size 6.2pt on input line 57.
LaTeX Font Info:    Font shape `U/npxsym/m/n' will be
(Font)              scaled to size 6.2pt on input line 57.
LaTeX Font Info:    Font shape `U/npxsyc/m/n' will be
(Font)              scaled to size 6.2pt on input line 57.
LaTeX Font Info:    Font shape `U/npxexa/m/n' will be
(Font)              scaled to size 6.2pt on input line 57.
LaTeX Font Info:    Font shape `U/zeur/m/n' will be
(Font)              scaled to size 6.2pt on input line 57.
) [9 <./Imatges/Not-Fasor.pdf>]
LaTeX Font Info:    Font shape `T1/JosefinSans-LF/b/n' will be
(Font)              scaled to size 10.95pt on input line 119.
LaTeX Font Info:    Font shape `T1/JosefinSans-LF/b/n' will be
(Font)              scaled to size 8.0pt on input line 119.
LaTeX Font Info:    Font shape `T1/JosefinSans-LF/b/n' will be
(Font)              scaled to size 6.1pt on input line 119.
 [10]
Overfull \vbox (3.28378pt too high) detected at line 210
 []

[11]
LaTeX Font Info:    Font shape `T1/zpltlf/m/it' will be
(Font)              scaled to size 9.0pt on input line 266.
LaTeX Font Info:    Font shape `TS1/zpltlf/m/it' will be
(Font)              scaled to size 10.95pt on input line 271.
) [12]
LaTeX Font Info:    Font shape `T1/JosefinSans-LF/m/n' will be
(Font)              scaled to size 60.0pt on input line 356.
LaTeX Font Info:    Font shape `T1/JosefinSans-LF/sb/n' will be
(Font)              scaled to size 60.0pt on input line 356.
LaTeX Font Info:    Font shape `T1/JosefinSans-LF/sb/n' will be
(Font)              scaled to size 40.0pt on input line 356.
<Imatges/Fons-de-pagina.pdf, id=2884, 597.50786pt x 845.04686pt>
File: Imatges/Fons-de-pagina.pdf Graphic file (type pdf)
<use Imatges/Fons-de-pagina.pdf>
Package pdftex.def Info: Imatges/Fons-de-pagina.pdf  used on input line 359.
(pdftex.def)             Requested size: 597.5064pt x 845.08348pt.
 [13



 <./Imatges/Fons-de-pagina.pdf>]
\openout2 = `Capitols/Cap-Fonaments.aux'.

 (Capitols/Cap-Fonaments.tex
[14


]
Cap\'{\i }tol 1.
LaTeX Font Info:    Font shape `T1/JosefinSans-LF/sb/n' will be
(Font)              scaled to size 50.0pt on input line 1.
LaTeX Font Info:    Font shape `T1/JosefinSans-LF/m/n' will be
(Font)              scaled to size 12.0pt on input line 20.
LaTeX Font Info:    Font shape `T1/JosefinSans-LF/sb/n' will be
(Font)              scaled to size 12.0pt on input line 20.
(Imatges/Cap-Fonaments-Resistencia.pdf_tex
<Imatges/Cap-Fonaments-Resistencia.pdf, id=2906, page=1, 96.73936pt x 76.82243p
t>
File: Imatges/Cap-Fonaments-Resistencia.pdf Graphic file (type pdf)
<use Imatges/Cap-Fonaments-Resistencia.pdf, page 1>
Package pdftex.def Info: Imatges/Cap-Fonaments-Resistencia.pdf , page1 used on 
input line 56.
(pdftex.def)             Requested size: 96.73936pt x 76.82574pt.
) [15 <./Imatges/Cap-Fonaments-Resistencia.pdf>] (Imatges/Cap-Fonaments-Capacit
at.pdf_tex
<Imatges/Cap-Fonaments-Capacitat.pdf, id=2917, page=1, 96.02805pt x 69.35359pt>

File: Imatges/Cap-Fonaments-Capacitat.pdf Graphic file (type pdf)
<use Imatges/Cap-Fonaments-Capacitat.pdf, page 1>
Package pdftex.def Info: Imatges/Cap-Fonaments-Capacitat.pdf , page1 used on in
put line 56.
(pdftex.def)             Requested size: 96.02805pt x 69.35658pt.
)
(Imatges/Cap-Fonaments-Inductancia.pdf_tex
<Imatges/Cap-Fonaments-Inductancia.pdf, id=2919, page=1, 96.02805pt x 69.35359p
t>
File: Imatges/Cap-Fonaments-Inductancia.pdf Graphic file (type pdf)
<use Imatges/Cap-Fonaments-Inductancia.pdf, page 1>
Package pdftex.def Info: Imatges/Cap-Fonaments-Inductancia.pdf , page1 used on 
input line 56.
(pdftex.def)             Requested size: 96.02805pt x 69.35658pt.
) [16 <./Imatges/Cap-Fonaments-Capacitat.pdf> <./Imatges/Cap-Fonaments-Inductan
cia.pdf>]
(Imatges/Cap-Fonaments-Acobl-Magnetic.pdf_tex
<Imatges/Cap-Fonaments-Acobl-Magnetic.pdf, id=2941, page=1, 170.71654pt x 69.35
359pt>
File: Imatges/Cap-Fonaments-Acobl-Magnetic.pdf Graphic file (type pdf)
<use Imatges/Cap-Fonaments-Acobl-Magnetic.pdf, page 1>
Package pdftex.def Info: Imatges/Cap-Fonaments-Acobl-Magnetic.pdf , page1 used 
on input line 56.
(pdftex.def)             Requested size: 170.71652pt x 69.35869pt.
)
(Imatges/Cap-Fonaments-Trafo-Ideal.pdf_tex
<Imatges/Cap-Fonaments-Trafo-Ideal.pdf, id=2943, page=1, 156.49016pt x 71.1319p
t>
File: Imatges/Cap-Fonaments-Trafo-Ideal.pdf Graphic file (type pdf)
<use Imatges/Cap-Fonaments-Trafo-Ideal.pdf, page 1>
Package pdftex.def Info: Imatges/Cap-Fonaments-Trafo-Ideal.pdf , page1 used on 
input line 56.
(pdftex.def)             Requested size: 156.49016pt x 71.13388pt.
) [17 <./Imatges/Cap-Fonaments-Acobl-Magnetic.pdf>] (Imatges/Cap-Fonaments-Bate
ria.pdf_tex
<Imatges/Cap-Fonaments-Bateria.pdf, id=2969, page=1, 120.03506pt x 66.68614pt>
File: Imatges/Cap-Fonaments-Bateria.pdf Graphic file (type pdf)
<use Imatges/Cap-Fonaments-Bateria.pdf, page 1>
Package pdftex.def Info: Imatges/Cap-Fonaments-Bateria.pdf , page1 used on inpu
t line 56.
(pdftex.def)             Requested size: 120.03506pt x 66.68799pt.
) [18 <./Imatges/Cap-Fonaments-Trafo-Ideal.pdf> <./Imatges/Cap-Fonaments-Bateri
a.pdf>]
(Imatges/Cap-Fonaments-Thevenin.pdf_tex
<Imatges/Cap-Fonaments-Thevenin.pdf, id=2998, page=1, 389.44707pt x 69.35359pt>

File: Imatges/Cap-Fonaments-Thevenin.pdf Graphic file (type pdf)
<use Imatges/Cap-Fonaments-Thevenin.pdf, page 1>
Package pdftex.def Info: Imatges/Cap-Fonaments-Thevenin.pdf , page1 used on inp
ut line 56.
(pdftex.def)             Requested size: 389.44707pt x 69.35446pt.
) (Imatges/Cap-Fonaments-Norton.pdf_tex
<Imatges/Cap-Fonaments-Norton.pdf, id=3004, page=1, 389.44707pt x 69.35359pt>
File: Imatges/Cap-Fonaments-Norton.pdf Graphic file (type pdf)
<use Imatges/Cap-Fonaments-Norton.pdf, page 1>
Package pdftex.def Info: Imatges/Cap-Fonaments-Norton.pdf , page1 used on input
 line 56.
(pdftex.def)             Requested size: 389.44707pt x 69.35446pt.
) [19 <./Imatges/Cap-Fonaments-Thevenin.pdf> <./Imatges/Cap-Fonaments-Norton.pd
f>] (Imatges/Cap-Fonaments-Millman.pdf_tex
<Imatges/Cap-Fonaments-Millman.pdf, id=3024, page=1, 173.38399pt x 149.37697pt>

File: Imatges/Cap-Fonaments-Millman.pdf Graphic file (type pdf)
<use Imatges/Cap-Fonaments-Millman.pdf, page 1>
Package pdftex.def Info: Imatges/Cap-Fonaments-Millman.pdf , page1 used on inpu
t line 56.
(pdftex.def)             Requested size: 173.38397pt x 149.38342pt.
)
LaTeX Font Info:    Trying to load font information for U+zeuex on input line 3
17.

(C:\Users\josep\AppData\Local\Programs\MiKTeX\tex/latex/eulervm\uzeuex.fd
File: uzeuex.fd 2005/01/11 v4.0 (WaS)
)
LaTeX Font Info:    Font shape `U/zeuex/m/n' will be
(Font)              scaled to size 10.95pt on input line 317.
LaTeX Font Info:    Font shape `U/zeuex/m/n' will be
(Font)              scaled to size 8.0pt on input line 317.
LaTeX Font Info:    Font shape `T1/zpltlf/m/n' will be
(Font)              scaled to size 6.0pt on input line 317.
LaTeX Font Info:    Font shape `U/zeuex/m/n' will be
(Font)              scaled to size 6.0pt on input line 317.
Package mdframed Info: mdframed works in twoside mode on input line 324.

(Imatges/Cap-Fonaments-Millman-Exemple1.pdf_tex
<Imatges/Cap-Fonaments-Millman-Exemple1.pdf, id=3025, page=1, 280.08182pt x 101
.36293pt>
File: Imatges/Cap-Fonaments-Millman-Exemple1.pdf Graphic file (type pdf)
<use Imatges/Cap-Fonaments-Millman-Exemple1.pdf, page 1>
Package pdftex.def Info: Imatges/Cap-Fonaments-Millman-Exemple1.pdf , page1 use
d on input line 56.
(pdftex.def)             Requested size: 280.0818pt x 101.36885pt.
)
LaTeX Font Info:    Font shape `U/fontawesomebrands1/solid/n' in size <12> not 
available
(Font)              Font shape `U/fontawesomebrands1/regular/n' tried instead o
n input line 385.
Package mdframed Info: Box was splittet wrong
 starting loop to iterate the splitting point
(mdframed)              on input line 385.
 [20 <./Imatges/Cap-Fonaments-Millman.pdf> <./Imatges/Cap-Fonaments-Millman-Exe
mple1.pdf>]
Package mdframed Info: mdframed works in twoside mode on input line 388.

(Imatges/Cap-Fonaments-Millman-Exemple2.pdf_tex
<Imatges/Cap-Fonaments-Millman-Exemple2.pdf, id=3045, page=1, 293.41902pt x 173
.38399pt>
File: Imatges/Cap-Fonaments-Millman-Exemple2.pdf Graphic file (type pdf)
<use Imatges/Cap-Fonaments-Millman-Exemple2.pdf, page 1>
Package pdftex.def Info: Imatges/Cap-Fonaments-Millman-Exemple2.pdf , page1 use
d on input line 56.
(pdftex.def)             Requested size: 293.41902pt x 173.38882pt.
) [21] [22 <./Imatges/Cap-Fonaments-Millman-Exemple2.pdf>]
Package mdframed Info: mdframed works in twoside mode on input line 427.
 (Imatges/Cap-Fonaments-Millman-Exemple3.pdf_tex
<Imatges/Cap-Fonaments-Millman-Exemple3.pdf, id=3060, page=1, 293.41902pt x 173
.38399pt>
File: Imatges/Cap-Fonaments-Millman-Exemple3.pdf Graphic file (type pdf)
<use Imatges/Cap-Fonaments-Millman-Exemple3.pdf, page 1>
Package pdftex.def Info: Imatges/Cap-Fonaments-Millman-Exemple3.pdf , page1 use
d on input line 56.
(pdftex.def)             Requested size: 293.41902pt x 173.38882pt.
)
Package mdframed Info: Not enough space on this page on input line 460.

Underfull \vbox (badness 10000) has occurred while \output is active []

 [23 <./Imatges/Cap-Fonaments-Millman-Exemple3.pdf>]
Package mdframed Info: mdframed works in twoside mode on input line 482.

(Imatges/Cap-Fonaments-Superposicio-Exemple-1.pdf_tex
<Imatges/Cap-Fonaments-Superposicio-Exemple-1.pdf, id=3069, page=1, 240.07013pt
 x 93.36061pt>
File: Imatges/Cap-Fonaments-Superposicio-Exemple-1.pdf Graphic file (type pdf)
<use Imatges/Cap-Fonaments-Superposicio-Exemple-1.pdf, page 1>
Package pdftex.def Info: Imatges/Cap-Fonaments-Superposicio-Exemple-1.pdf , pag
e1 used on input line 56.
(pdftex.def)             Requested size: 240.07013pt x 93.3632pt.
)
(Imatges/Cap-Fonaments-Superposicio-Exemple-2.pdf_tex
<Imatges/Cap-Fonaments-Superposicio-Exemple-2.pdf, id=3070, page=1, 389.44707pt
 x 93.36061pt>
File: Imatges/Cap-Fonaments-Superposicio-Exemple-2.pdf Graphic file (type pdf)
<use Imatges/Cap-Fonaments-Superposicio-Exemple-2.pdf, page 1>
Package pdftex.def Info: Imatges/Cap-Fonaments-Superposicio-Exemple-2.pdf , pag
e1 used on input line 56.
(pdftex.def)             Requested size: 389.44707pt x 93.36179pt.
) [24 <./Imatges/Cap-Fonaments-Superposicio-Exemple-1.pdf> <./Imatges/Cap-Fonam
ents-Superposicio-Exemple-2.pdf>] (Imatges/Cap-Fonaments-Valor-Mitja.pdf_tex
<Imatges/Cap-Fonaments-Valor-Mitja.pdf, id=3083, page=1, 341.43306pt x 184.9429
2pt>
File: Imatges/Cap-Fonaments-Valor-Mitja.pdf Graphic file (type pdf)
<use Imatges/Cap-Fonaments-Valor-Mitja.pdf, page 1>
Package pdftex.def Info: Imatges/Cap-Fonaments-Valor-Mitja.pdf , page1 used on 
input line 56.
(pdftex.def)             Requested size: 341.43307pt x 184.95654pt.
) [25 <./Imatges/Cap-Fonaments-Valor-Mitja.pdf>] [26]
Package mdframed Info: mdframed works in twoside mode on input line 606.
 [27]
LaTeX Font Info:    Font shape `T1/JosefinSans-LF/sb/it' will be
(Font)              scaled to size 10.95pt on input line 708.
 (Imatges/Cap-Fonaments-Funcio-1.pdf_tex
<Imatges/Cap-Fonaments-Funcio-1.pdf, id=3141, page=1, 173.38399pt x 53.34892pt>

File: Imatges/Cap-Fonaments-Funcio-1.pdf Graphic file (type pdf)
<use Imatges/Cap-Fonaments-Funcio-1.pdf, page 1>
Package pdftex.def Info: Imatges/Cap-Fonaments-Funcio-1.pdf , page1 used on inp
ut line 56.
(pdftex.def)             Requested size: 173.38397pt x 53.35123pt.
)
(Imatges/Cap-Fonaments-Funcio-2.pdf_tex
<Imatges/Cap-Fonaments-Funcio-2.pdf, id=3142, page=1, 173.38399pt x 72.02104pt>

File: Imatges/Cap-Fonaments-Funcio-2.pdf Graphic file (type pdf)
<use Imatges/Cap-Fonaments-Funcio-2.pdf, page 1>
Package pdftex.def Info: Imatges/Cap-Fonaments-Funcio-2.pdf , page1 used on inp
ut line 56.
(pdftex.def)             Requested size: 173.38397pt x 72.02414pt.
)
(Imatges/Cap-Fonaments-Funcio-3.pdf_tex
<Imatges/Cap-Fonaments-Funcio-3.pdf, id=3143, page=1, 173.38399pt x 53.34892pt>

File: Imatges/Cap-Fonaments-Funcio-3.pdf Graphic file (type pdf)
<use Imatges/Cap-Fonaments-Funcio-3.pdf, page 1>
Package pdftex.def Info: Imatges/Cap-Fonaments-Funcio-3.pdf , page1 used on inp
ut line 56.
(pdftex.def)             Requested size: 173.38397pt x 53.35123pt.
)
(Imatges/Cap-Fonaments-Funcio-4.pdf_tex
<Imatges/Cap-Fonaments-Funcio-4.pdf, id=3144, page=1, 173.38399pt x 72.02104pt>

File: Imatges/Cap-Fonaments-Funcio-4.pdf Graphic file (type pdf)
<use Imatges/Cap-Fonaments-Funcio-4.pdf, page 1>
Package pdftex.def Info: Imatges/Cap-Fonaments-Funcio-4.pdf , page1 used on inp
ut line 56.
(pdftex.def)             Requested size: 173.38397pt x 72.02414pt.
)
(Imatges/Cap-Fonaments-Funcio-5.pdf_tex
<Imatges/Cap-Fonaments-Funcio-5.pdf, id=3145, page=1, 173.38399pt x 72.02104pt>

File: Imatges/Cap-Fonaments-Funcio-5.pdf Graphic file (type pdf)
<use Imatges/Cap-Fonaments-Funcio-5.pdf, page 1>
Package pdftex.def Info: Imatges/Cap-Fonaments-Funcio-5.pdf , page1 used on inp
ut line 56.
(pdftex.def)             Requested size: 173.38397pt x 72.02414pt.
)
(Imatges/Cap-Fonaments-Funcio-6.pdf_tex
<Imatges/Cap-Fonaments-Funcio-6.pdf, id=3146, page=1, 173.38399pt x 53.34892pt>

File: Imatges/Cap-Fonaments-Funcio-6.pdf Graphic file (type pdf)
<use Imatges/Cap-Fonaments-Funcio-6.pdf, page 1>
Package pdftex.def Info: Imatges/Cap-Fonaments-Funcio-6.pdf , page1 used on inp
ut line 56.
(pdftex.def)             Requested size: 173.38397pt x 53.35123pt.
)
(Imatges/Cap-Fonaments-Funcio-7.pdf_tex
<Imatges/Cap-Fonaments-Funcio-7.pdf, id=3147, page=1, 173.38399pt x 53.34892pt>

File: Imatges/Cap-Fonaments-Funcio-7.pdf Graphic file (type pdf)
<use Imatges/Cap-Fonaments-Funcio-7.pdf, page 1>
Package pdftex.def Info: Imatges/Cap-Fonaments-Funcio-7.pdf , page1 used on inp
ut line 56.
(pdftex.def)             Requested size: 173.38397pt x 53.35123pt.
)
(Imatges/Cap-Fonaments-Funcio-8.pdf_tex
<Imatges/Cap-Fonaments-Funcio-8.pdf, id=3148, page=1, 173.38399pt x 72.02104pt>

File: Imatges/Cap-Fonaments-Funcio-8.pdf Graphic file (type pdf)
<use Imatges/Cap-Fonaments-Funcio-8.pdf, page 1>
Package pdftex.def Info: Imatges/Cap-Fonaments-Funcio-8.pdf , page1 used on inp
ut line 56.
(pdftex.def)             Requested size: 173.38397pt x 72.02414pt.
)
(Imatges/Cap-Fonaments-Funcio-9.pdf_tex
<Imatges/Cap-Fonaments-Funcio-9.pdf, id=3149, page=1, 173.38399pt x 53.34892pt>

File: Imatges/Cap-Fonaments-Funcio-9.pdf Graphic file (type pdf)
<use Imatges/Cap-Fonaments-Funcio-9.pdf, page 1>
Package pdftex.def Info: Imatges/Cap-Fonaments-Funcio-9.pdf , page1 used on inp
ut line 56.
(pdftex.def)             Requested size: 173.38397pt x 53.35123pt.
)
(Imatges/Cap-Fonaments-Funcio-10.pdf_tex
<Imatges/Cap-Fonaments-Funcio-10.pdf, id=3150, page=1, 173.38399pt x 72.02104pt
>
File: Imatges/Cap-Fonaments-Funcio-10.pdf Graphic file (type pdf)
<use Imatges/Cap-Fonaments-Funcio-10.pdf, page 1>
Package pdftex.def Info: Imatges/Cap-Fonaments-Funcio-10.pdf , page1 used on in
put line 56.
(pdftex.def)             Requested size: 173.38397pt x 72.02414pt.
)
(Imatges/Cap-Fonaments-Funcio-11.pdf_tex
<Imatges/Cap-Fonaments-Funcio-11.pdf, id=3151, page=1, 173.38399pt x 53.34892pt
>
File: Imatges/Cap-Fonaments-Funcio-11.pdf Graphic file (type pdf)
<use Imatges/Cap-Fonaments-Funcio-11.pdf, page 1>
Package pdftex.def Info: Imatges/Cap-Fonaments-Funcio-11.pdf , page1 used on in
put line 56.
(pdftex.def)             Requested size: 173.38397pt x 53.35123pt.
)
(Imatges/Cap-Fonaments-Funcio-12.pdf_tex
<Imatges/Cap-Fonaments-Funcio-12.pdf, id=3152, page=1, 173.38399pt x 72.02104pt
>
File: Imatges/Cap-Fonaments-Funcio-12.pdf Graphic file (type pdf)
<use Imatges/Cap-Fonaments-Funcio-12.pdf, page 1>
Package pdftex.def Info: Imatges/Cap-Fonaments-Funcio-12.pdf , page1 used on in
put line 56.
(pdftex.def)             Requested size: 173.38397pt x 72.02414pt.
)
(Imatges/Cap-Fonaments-Funcio-13.pdf_tex
<Imatges/Cap-Fonaments-Funcio-13.pdf, id=3153, page=1, 173.38399pt x 53.34892pt
>
File: Imatges/Cap-Fonaments-Funcio-13.pdf Graphic file (type pdf)
<use Imatges/Cap-Fonaments-Funcio-13.pdf, page 1>
Package pdftex.def Info: Imatges/Cap-Fonaments-Funcio-13.pdf , page1 used on in
put line 56.
(pdftex.def)             Requested size: 173.38397pt x 53.35123pt.
)
(Imatges/Cap-Fonaments-Funcio-14.pdf_tex
<Imatges/Cap-Fonaments-Funcio-14.pdf, id=3154, page=1, 173.38399pt x 53.34892pt
>
File: Imatges/Cap-Fonaments-Funcio-14.pdf Graphic file (type pdf)
<use Imatges/Cap-Fonaments-Funcio-14.pdf, page 1>
Package pdftex.def Info: Imatges/Cap-Fonaments-Funcio-14.pdf , page1 used on in
put line 56.
(pdftex.def)             Requested size: 173.38397pt x 53.35123pt.
)
(Imatges/Cap-Fonaments-Funcio-15.pdf_tex
<Imatges/Cap-Fonaments-Funcio-15.pdf, id=3155, page=1, 173.38399pt x 72.02104pt
>
File: Imatges/Cap-Fonaments-Funcio-15.pdf Graphic file (type pdf)
<use Imatges/Cap-Fonaments-Funcio-15.pdf, page 1>
Package pdftex.def Info: Imatges/Cap-Fonaments-Funcio-15.pdf , page1 used on in
put line 56.
(pdftex.def)             Requested size: 173.38397pt x 72.02414pt.
) [28]
Capitols/Cap-Fonaments.tex:733: ignored error: Infinite glue shrinkage found in
 box being split [29{C:/Users/josep/AppData/Local/Programs/MiKTeX/fonts/enc/dvi
ps/josefin/jfn_umrhwx.enc} <./Imatges/Cap-Fonaments-Funcio-1.pdf> <./Imatges/Ca
p-Fonaments-Funcio-2.pdf> <./Imatges/Cap-Fonaments-Funcio-3.pdf> <./Imatges/Cap
-Fonaments-Funcio-4.pdf> <./Imatges/Cap-Fonaments-Funcio-5.pdf> <./Imatges/Cap-
Fonaments-Funcio-6.pdf> <./Imatges/Cap-Fonaments-Funcio-7.pdf> <./Imatges/Cap-F
onaments-Funcio-8.pdf>]
Underfull \vbox (badness 10000) has occurred while \output is active []

 [30 <./Imatges/Cap-Fonaments-Funcio-9.pdf> <./Imatges/Cap-Fonaments-Funcio-10.
pdf> <./Imatges/Cap-Fonaments-Funcio-11.pdf> <./Imatges/Cap-Fonaments-Funcio-12
.pdf> <./Imatges/Cap-Fonaments-Funcio-13.pdf> <./Imatges/Cap-Fonaments-Funcio-1
4.pdf> <./Imatges/Cap-Fonaments-Funcio-15.pdf>]
Package mdframed Info: mdframed works in twoside mode on input line 736.
Package mdframed Info: Not enough space on this page on input line 761.
 [31]
(Imatges/Cap-Fonaments-Potencia-Monof.pdf_tex
<Imatges/Cap-Fonaments-Potencia-Monof.pdf, id=3226, page=1, 88.73845pt x 62.684
98pt>
File: Imatges/Cap-Fonaments-Potencia-Monof.pdf Graphic file (type pdf)
<use Imatges/Cap-Fonaments-Potencia-Monof.pdf, page 1>
Package pdftex.def Info: Imatges/Cap-Fonaments-Potencia-Monof.pdf , page1 used 
on input line 56.
(pdftex.def)             Requested size: 88.73843pt x 62.68672pt.
) [32 <./Imatges/Cap-Fonaments-Potencia-Monof.pdf>] (Imatges/Cap-Fonaments-Pote
ncia-Trif.pdf_tex
<Imatges/Cap-Fonaments-Potencia-Trif.pdf, id=3248, page=1, 440.12854pt x 186.72
12pt>
File: Imatges/Cap-Fonaments-Potencia-Trif.pdf Graphic file (type pdf)
<use Imatges/Cap-Fonaments-Potencia-Trif.pdf, page 1>
Package pdftex.def Info: Imatges/Cap-Fonaments-Potencia-Trif.pdf , page1 used o
n input line 56.
(pdftex.def)             Requested size: 440.12852pt x 186.72075pt.
) [33] [34 <./Imatges/Cap-Fonaments-Potencia-Trif.pdf>]
Package mdframed Info: mdframed works in twoside mode on input line 1043.

(Imatges/Cap-Fonaments-Potencia-Exemple.pdf_tex
<Imatges/Cap-Fonaments-Potencia-Exemple.pdf, id=3275, page=1, 194.72354pt x 160
.04674pt>
File: Imatges/Cap-Fonaments-Potencia-Exemple.pdf Graphic file (type pdf)
<use Imatges/Cap-Fonaments-Potencia-Exemple.pdf, page 1>
Package pdftex.def Info: Imatges/Cap-Fonaments-Potencia-Exemple.pdf , page1 use
d on input line 56.
(pdftex.def)             Requested size: 194.72353pt x 160.04878pt.
) [35]
Package mdframed Info: Not enough space on this page on input line 1145.
 [36 <./Imatges/Cap-Fonaments-Potencia-Exemple.pdf>] (Imatges/Cap-Fonaments-Mes
ura-Potencia-Monof.pdf_tex
<Imatges/Cap-Fonaments-Mesura-Potencia-Monof.pdf, id=3306, page=1, 192.05609pt 
x 74.68848pt>
File: Imatges/Cap-Fonaments-Mesura-Potencia-Monof.pdf Graphic file (type pdf)
<use Imatges/Cap-Fonaments-Mesura-Potencia-Monof.pdf, page 1>
Package pdftex.def Info: Imatges/Cap-Fonaments-Mesura-Potencia-Monof.pdf , page
1 used on input line 56.
(pdftex.def)             Requested size: 192.05609pt x 74.6917pt.
) (Imatges/Cap-Fonaments-Mesura-Potencia-Trif-4f.pdf_tex
<Imatges/Cap-Fonaments-Mesura-Potencia-Trif-4f.pdf, id=3308, page=1, 373.44241p
t x 120.03506pt>
File: Imatges/Cap-Fonaments-Mesura-Potencia-Trif-4f.pdf Graphic file (type pdf)

<use Imatges/Cap-Fonaments-Mesura-Potencia-Trif-4f.pdf, page 1>
Package pdftex.def Info: Imatges/Cap-Fonaments-Mesura-Potencia-Trif-4f.pdf , pa
ge1 used on input line 56.
(pdftex.def)             Requested size: 373.44241pt x 120.03476pt.
LaTeX Font Info:    Font shape `T1/JosefinSans-LF/m/n' will be
(Font)              scaled to size 9.0pt on input line 58.
) [37 <./Imatges/Cap-Fonaments-Mesura-Potencia-Monof.pdf>]
(Imatges/Cap-Fonaments-Mesura-Potencia-Trif-3f.pdf_tex
<Imatges/Cap-Fonaments-Mesura-Potencia-Trif-3f.pdf, id=3331, page=1, 373.44241p
t x 93.36061pt>
File: Imatges/Cap-Fonaments-Mesura-Potencia-Trif-3f.pdf Graphic file (type pdf)

<use Imatges/Cap-Fonaments-Mesura-Potencia-Trif-3f.pdf, page 1>
Package pdftex.def Info: Imatges/Cap-Fonaments-Mesura-Potencia-Trif-3f.pdf , pa
ge1 used on input line 56.
(pdftex.def)             Requested size: 373.44241pt x 93.36037pt.
)
(Imatges/Cap-Fonaments-RC-Serie-Carrega.pdf_tex
<Imatges/Cap-Fonaments-RC-Serie-Carrega.pdf, id=3333, page=1, 200.05844pt x 74.
68848pt>
File: Imatges/Cap-Fonaments-RC-Serie-Carrega.pdf Graphic file (type pdf)
<use Imatges/Cap-Fonaments-RC-Serie-Carrega.pdf, page 1>
Package pdftex.def Info: Imatges/Cap-Fonaments-RC-Serie-Carrega.pdf , page1 use
d on input line 56.
(pdftex.def)             Requested size: 200.05843pt x 74.6917pt.
)
(Imatges/Cap-Fonaments-RC-Serie-Carrega-G1.pdf_tex
<Imatges/Cap-Fonaments-RC-Serie-Carrega-G1.pdf, id=3334, page=1, 256.0748pt x 7
3.97716pt>
File: Imatges/Cap-Fonaments-RC-Serie-Carrega-G1.pdf Graphic file (type pdf)
<use Imatges/Cap-Fonaments-RC-Serie-Carrega-G1.pdf, page 1>
Package pdftex.def Info: Imatges/Cap-Fonaments-RC-Serie-Carrega-G1.pdf , page1 
used on input line 56.
(pdftex.def)             Requested size: 256.07478pt x 73.98033pt.
) [38 <./Imatges/Cap-Fonaments-Mesura-Potencia-Trif-4f.pdf> <./Imatges/Cap-Fona
ments-Mesura-Potencia-Trif-3f.pdf> <./Imatges/Cap-Fonaments-RC-Serie-Carrega.pd
f>]
(Imatges/Cap-Fonaments-RC-Serie-Carrega-G2.pdf_tex
<Imatges/Cap-Fonaments-RC-Serie-Carrega-G2.pdf, id=3406, page=1, 256.0748pt x 7
3.97716pt>
File: Imatges/Cap-Fonaments-RC-Serie-Carrega-G2.pdf Graphic file (type pdf)
<use Imatges/Cap-Fonaments-RC-Serie-Carrega-G2.pdf, page 1>
Package pdftex.def Info: Imatges/Cap-Fonaments-RC-Serie-Carrega-G2.pdf , page1 
used on input line 56.
(pdftex.def)             Requested size: 256.07478pt x 73.98033pt.
)
(Imatges/Cap-Fonaments-RC-Serie-Descarrega.pdf_tex
<Imatges/Cap-Fonaments-RC-Serie-Descarrega.pdf, id=3408, page=1, 200.05844pt x 
74.68848pt>
File: Imatges/Cap-Fonaments-RC-Serie-Descarrega.pdf Graphic file (type pdf)
<use Imatges/Cap-Fonaments-RC-Serie-Descarrega.pdf, page 1>
Package pdftex.def Info: Imatges/Cap-Fonaments-RC-Serie-Descarrega.pdf , page1 
used on input line 56.
(pdftex.def)             Requested size: 200.05843pt x 74.6917pt.
)
(Imatges/Cap-Fonaments-RC-Serie-Descarrega-G.pdf_tex
<Imatges/Cap-Fonaments-RC-Serie-Descarrega-G.pdf, id=3409, page=1, 256.0748pt x
 73.97716pt>
File: Imatges/Cap-Fonaments-RC-Serie-Descarrega-G.pdf Graphic file (type pdf)
<use Imatges/Cap-Fonaments-RC-Serie-Descarrega-G.pdf, page 1>
Package pdftex.def Info: Imatges/Cap-Fonaments-RC-Serie-Descarrega-G.pdf , page
1 used on input line 56.
(pdftex.def)             Requested size: 256.07478pt x 73.98033pt.
)
(Imatges/Cap-Fonaments-RL-Serie-Carrega.pdf_tex
<Imatges/Cap-Fonaments-RL-Serie-Carrega.pdf, id=3411, page=1, 200.05844pt x 74.
68848pt>
File: Imatges/Cap-Fonaments-RL-Serie-Carrega.pdf Graphic file (type pdf)
<use Imatges/Cap-Fonaments-RL-Serie-Carrega.pdf, page 1>
Package pdftex.def Info: Imatges/Cap-Fonaments-RL-Serie-Carrega.pdf , page1 use
d on input line 56.
(pdftex.def)             Requested size: 200.05843pt x 74.6917pt.
) [39 <./Imatges/Cap-Fonaments-RC-Serie-Carrega-G1.pdf> <./Imatges/Cap-Fonament
s-RC-Serie-Carrega-G2.pdf> <./Imatges/Cap-Fonaments-RC-Serie-Descarrega.pdf> <.
/Imatges/Cap-Fonaments-RC-Serie-Descarrega-G.pdf>] (Imatges/Cap-Fonaments-RL-Se
rie-Carrega-G1.pdf_tex
<Imatges/Cap-Fonaments-RL-Serie-Carrega-G1.pdf, id=3430, page=1, 256.0748pt x 7
3.97716pt>
File: Imatges/Cap-Fonaments-RL-Serie-Carrega-G1.pdf Graphic file (type pdf)
<use Imatges/Cap-Fonaments-RL-Serie-Carrega-G1.pdf, page 1>
Package pdftex.def Info: Imatges/Cap-Fonaments-RL-Serie-Carrega-G1.pdf , page1 
used on input line 56.
(pdftex.def)             Requested size: 256.07478pt x 73.98033pt.
)
(Imatges/Cap-Fonaments-RL-Serie-Carrega-G2.pdf_tex
<Imatges/Cap-Fonaments-RL-Serie-Carrega-G2.pdf, id=3431, page=1, 256.0748pt x 7
3.97716pt>
File: Imatges/Cap-Fonaments-RL-Serie-Carrega-G2.pdf Graphic file (type pdf)
<use Imatges/Cap-Fonaments-RL-Serie-Carrega-G2.pdf, page 1>
Package pdftex.def Info: Imatges/Cap-Fonaments-RL-Serie-Carrega-G2.pdf , page1 
used on input line 56.
(pdftex.def)             Requested size: 256.07478pt x 73.98033pt.
)
(Imatges/Cap-Fonaments-RL-Serie-Descarrega.pdf_tex
<Imatges/Cap-Fonaments-RL-Serie-Descarrega.pdf, id=3433, page=1, 200.05844pt x 
74.68848pt>
File: Imatges/Cap-Fonaments-RL-Serie-Descarrega.pdf Graphic file (type pdf)
<use Imatges/Cap-Fonaments-RL-Serie-Descarrega.pdf, page 1>
Package pdftex.def Info: Imatges/Cap-Fonaments-RL-Serie-Descarrega.pdf , page1 
used on input line 56.
(pdftex.def)             Requested size: 200.05843pt x 74.6917pt.
)
(Imatges/Cap-Fonaments-RL-Serie-Descarrega-G.pdf_tex
<Imatges/Cap-Fonaments-RL-Serie-Descarrega-G.pdf, id=3434, page=1, 256.0748pt x
 73.97716pt>
File: Imatges/Cap-Fonaments-RL-Serie-Descarrega-G.pdf Graphic file (type pdf)
<use Imatges/Cap-Fonaments-RL-Serie-Descarrega-G.pdf, page 1>
Package pdftex.def Info: Imatges/Cap-Fonaments-RL-Serie-Descarrega-G.pdf , page
1 used on input line 56.
(pdftex.def)             Requested size: 256.07478pt x 73.98033pt.
) [40 <./Imatges/Cap-Fonaments-RL-Serie-Carrega.pdf> <./Imatges/Cap-Fonaments-R
L-Serie-Carrega-G1.pdf> <./Imatges/Cap-Fonaments-RL-Serie-Carrega-G2.pdf> <./Im
atges/Cap-Fonaments-RL-Serie-Descarrega.pdf>]
Package mdframed Info: mdframed works in twoside mode on input line 1352.
LaTeX Font Info:    Trying to load font information for U+zeus on input line 13
54.

(C:\Users\josep\AppData\Local\Programs\MiKTeX\tex/latex/eulervm\uzeus.fd
File: uzeus.fd 2005/01/11 v4.0 (WaS)
)
LaTeX Font Info:    Font shape `U/zeus/m/n' will be
(Font)              scaled to size 10.95pt on input line 1354.
LaTeX Font Info:    Font shape `U/zeus/m/n' will be
(Font)              scaled to size 8.0pt on input line 1354.
LaTeX Font Info:    Font shape `U/zeus/m/n' will be
(Font)              scaled to size 6.1pt on input line 1354.

(Imatges/Cap-Fonaments-RL-Serie-Exemple.pdf_tex
<Imatges/Cap-Fonaments-RL-Serie-Exemple.pdf, id=3450, page=1, 213.39565pt x 125
.19212pt>
File: Imatges/Cap-Fonaments-RL-Serie-Exemple.pdf Graphic file (type pdf)
<use Imatges/Cap-Fonaments-RL-Serie-Exemple.pdf, page 1>
Package pdftex.def Info: Imatges/Cap-Fonaments-RL-Serie-Exemple.pdf , page1 use
d on input line 56.
(pdftex.def)             Requested size: 213.39565pt x 125.19371pt.
)
(Imatges/Cap-Fonaments-RL-Carrega-Descarrega.tex
\gptboxheight=\skip194
\gptboxwidth=\skip195
\gptboxtext=\box145
<Imatges/Cap-Fonaments-RL-Carrega-Descarrega.pdf, id=3457, 454.69875pt x 284.06
125pt>
File: Imatges/Cap-Fonaments-RL-Carrega-Descarrega.pdf Graphic file (type pdf)
<use Imatges/Cap-Fonaments-RL-Carrega-Descarrega.pdf>
Package pdftex.def Info: Imatges/Cap-Fonaments-RL-Carrega-Descarrega.pdf  used 
on input line 163.
(pdftex.def)             Requested size: 454.70456pt x 284.08653pt.
)
<Imatges/HPPrime-Apps.pdf, id=3458, 21.18169pt x 13.62022pt>
File: Imatges/HPPrime-Apps.pdf Graphic file (type pdf)
<use Imatges/HPPrime-Apps.pdf>
Package pdftex.def Info: Imatges/HPPrime-Apps.pdf  used on input line 1426.
(pdftex.def)             Requested size: 21.18163pt x 13.62018pt.
LaTeX Font Info:    Font shape `T1/JosefinSans-LF/m/n' will be
(Font)              scaled to size 10.0pt on input line 1426.
<Imatges/Cap-Fonaments-RL-Carrega-Descarrega-HPP1.png, id=3459, 195.129pt x 146
.949pt>
File: Imatges/Cap-Fonaments-RL-Carrega-Descarrega-HPP1.png Graphic file (type p
ng)
<use Imatges/Cap-Fonaments-RL-Carrega-Descarrega-HPP1.png>
Package pdftex.def Info: Imatges/Cap-Fonaments-RL-Carrega-Descarrega-HPP1.png  
used on input line 1428.
(pdftex.def)             Requested size: 195.12851pt x 146.94864pt.
<Imatges/Cap-Fonaments-RL-Carrega-Descarrega-HPP2.png, id=3460, 195.129pt x 146
.949pt>
File: Imatges/Cap-Fonaments-RL-Carrega-Descarrega-HPP2.png Graphic file (type p
ng)
<use Imatges/Cap-Fonaments-RL-Carrega-Descarrega-HPP2.png>
Package pdftex.def Info: Imatges/Cap-Fonaments-RL-Carrega-Descarrega-HPP2.png  
used on input line 1436.
(pdftex.def)             Requested size: 195.12851pt x 146.94864pt.
<Imatges/Cap-Fonaments-RL-Carrega-Descarrega-HPP3.png, id=3461, 195.129pt x 146
.949pt>
File: Imatges/Cap-Fonaments-RL-Carrega-Descarrega-HPP3.png Graphic file (type p
ng)
<use Imatges/Cap-Fonaments-RL-Carrega-Descarrega-HPP3.png>
Package pdftex.def Info: Imatges/Cap-Fonaments-RL-Carrega-Descarrega-HPP3.png  
used on input line 1440.
(pdftex.def)             Requested size: 195.12851pt x 146.94864pt.
<Imatges/HPPrime-Shift.pdf, id=3462, 21.18169pt x 13.62022pt>
File: Imatges/HPPrime-Shift.pdf Graphic file (type pdf)
<use Imatges/HPPrime-Shift.pdf>
Package pdftex.def Info: Imatges/HPPrime-Shift.pdf  used on input line 1444.
(pdftex.def)             Requested size: 21.18163pt x 13.62018pt.
<Imatges/HPPrime-Plot.pdf, id=3463, 21.18169pt x 13.62022pt>
File: Imatges/HPPrime-Plot.pdf Graphic file (type pdf)
<use Imatges/HPPrime-Plot.pdf>
Package pdftex.def Info: Imatges/HPPrime-Plot.pdf  used on input line 1444.
(pdftex.def)             Requested size: 21.18163pt x 13.62018pt.
<Imatges/Cap-Fonaments-RL-Carrega-Descarrega-HPP4.png, id=3464, 195.129pt x 146
.949pt>
File: Imatges/Cap-Fonaments-RL-Carrega-Descarrega-HPP4.png Graphic file (type p
ng)
<use Imatges/Cap-Fonaments-RL-Carrega-Descarrega-HPP4.png>
Package pdftex.def Info: Imatges/Cap-Fonaments-RL-Carrega-Descarrega-HPP4.png  
used on input line 1446.
(pdftex.def)             Requested size: 195.12851pt x 146.94864pt.
File: Imatges/HPPrime-Plot.pdf Graphic file (type pdf)
<use Imatges/HPPrime-Plot.pdf>
Package pdftex.def Info: Imatges/HPPrime-Plot.pdf  used on input line 1448.
(pdftex.def)             Requested size: 21.18163pt x 13.62018pt.
<Imatges/Cap-Fonaments-RL-Carrega-Descarrega-HPP5.png, id=3465, 195.129pt x 146
.949pt>
File: Imatges/Cap-Fonaments-RL-Carrega-Descarrega-HPP5.png Graphic file (type p
ng)
<use Imatges/Cap-Fonaments-RL-Carrega-Descarrega-HPP5.png>
Package pdftex.def Info: Imatges/Cap-Fonaments-RL-Carrega-Descarrega-HPP5.png  
used on input line 1450.
(pdftex.def)             Requested size: 195.12851pt x 146.94864pt.
Package mdframed Info: Box was splittet wrong
 starting loop to iterate the splitting point
(mdframed)              on input line 1452.
 [41 <./Imatges/Cap-Fonaments-RL-Serie-Descarrega-G.pdf> <./Imatges/Cap-Fonamen
ts-RL-Serie-Exemple.pdf>]
[42 <./Imatges/Cap-Fonaments-RL-Carrega-Descarrega.pdf>] [43 <./Imatges/HPPrime
-Apps.pdf> <./Imatges/Cap-Fonaments-RL-Carrega-Descarrega-HPP1.png (PNG copy)> 
<./Imatges/Cap-Fonaments-RL-Carrega-Descarrega-HPP2.png (PNG copy)>] [44 <./Ima
tges/Cap-Fonaments-RL-Carrega-Descarrega-HPP3.png (PNG copy)> <./Imatges/HPPrim
e-Shift.pdf> <./Imatges/HPPrime-Plot.pdf> <./Imatges/Cap-Fonaments-RL-Carrega-D
escarrega-HPP4.png (PNG copy)> <./Imatges/Cap-Fonaments-RL-Carrega-Descarrega-H
PP5.png (PNG copy)>] (Imatges/Cap-Fonaments-RL-Serie-Curtcircuit.pdf_tex
<Imatges/Cap-Fonaments-RL-Serie-Curtcircuit.pdf, id=3525, page=1, 200.05844pt x
 80.02338pt>
File: Imatges/Cap-Fonaments-RL-Serie-Curtcircuit.pdf Graphic file (type pdf)
<use Imatges/Cap-Fonaments-RL-Serie-Curtcircuit.pdf, page 1>
Package pdftex.def Info: Imatges/Cap-Fonaments-RL-Serie-Curtcircuit.pdf , page1
 used on input line 56.
(pdftex.def)             Requested size: 200.05843pt x 80.02684pt.
)
[45 <./Imatges/Cap-Fonaments-RL-Serie-Curtcircuit.pdf>]
Package mdframed Info: mdframed works in twoside mode on input line 1513.

(Imatges/Cap-Fonaments-RL-Serie-Curtcircuit-Exemple.tex
<Imatges/Cap-Fonaments-RL-Serie-Curtcircuit-Exemple.pdf, id=3548, 412.54124pt x
 270.00874pt>
File: Imatges/Cap-Fonaments-RL-Serie-Curtcircuit-Exemple.pdf Graphic file (type
 pdf)
<use Imatges/Cap-Fonaments-RL-Serie-Curtcircuit-Exemple.pdf>
Package pdftex.def Info: Imatges/Cap-Fonaments-RL-Serie-Curtcircuit-Exemple.pdf
  used on input line 143.
(pdftex.def)             Requested size: 412.54652pt x 270.01631pt.
) [46]
Package mdframed Info: mdframed works in twoside mode on input line 1570.
File: Imatges/HPPrime-Apps.pdf Graphic file (type pdf)
<use Imatges/HPPrime-Apps.pdf>
Package pdftex.def Info: Imatges/HPPrime-Apps.pdf  used on input line 1595.
(pdftex.def)             Requested size: 21.18163pt x 13.62018pt.
<Imatges/Cap-Fonaments-RL-Serie-Curtcircuit-HPP1.png, id=3566, 195.129pt x 146.
949pt>
File: Imatges/Cap-Fonaments-RL-Serie-Curtcircuit-HPP1.png Graphic file (type pn
g)
<use Imatges/Cap-Fonaments-RL-Serie-Curtcircuit-HPP1.png>
Package pdftex.def Info: Imatges/Cap-Fonaments-RL-Serie-Curtcircuit-HPP1.png  u
sed on input line 1597.
(pdftex.def)             Requested size: 195.12851pt x 146.94864pt.
<Imatges/Cap-Fonaments-RL-Serie-Curtcircuit-HPP2.png, id=3568, 195.129pt x 146.
949pt>
File: Imatges/Cap-Fonaments-RL-Serie-Curtcircuit-HPP2.png Graphic file (type pn
g)
<use Imatges/Cap-Fonaments-RL-Serie-Curtcircuit-HPP2.png>
Package pdftex.def Info: Imatges/Cap-Fonaments-RL-Serie-Curtcircuit-HPP2.png  u
sed on input line 1606.
(pdftex.def)             Requested size: 195.12851pt x 146.94864pt.
File: Imatges/HPPrime-Shift.pdf Graphic file (type pdf)
<use Imatges/HPPrime-Shift.pdf>
Package pdftex.def Info: Imatges/HPPrime-Shift.pdf  used on input line 1610.
(pdftex.def)             Requested size: 21.18163pt x 13.62018pt.
File: Imatges/HPPrime-Plot.pdf Graphic file (type pdf)
<use Imatges/HPPrime-Plot.pdf>
Package pdftex.def Info: Imatges/HPPrime-Plot.pdf  used on input line 1610.
(pdftex.def)             Requested size: 21.18163pt x 13.62018pt.
<Imatges/Cap-Fonaments-RL-Serie-Curtcircuit-HPP3.png, id=3569, 195.129pt x 146.
949pt>
File: Imatges/Cap-Fonaments-RL-Serie-Curtcircuit-HPP3.png Graphic file (type pn
g)
<use Imatges/Cap-Fonaments-RL-Serie-Curtcircuit-HPP3.png>
Package pdftex.def Info: Imatges/Cap-Fonaments-RL-Serie-Curtcircuit-HPP3.png  u
sed on input line 1612.
(pdftex.def)             Requested size: 195.12851pt x 146.94864pt.

Underfull \hbox (badness 10000) in paragraph at lines 1612--1614
[][] 
 []


Underfull \hbox (badness 10000) in paragraph at lines 1612--1614

 []

File: Imatges/HPPrime-Plot.pdf Graphic file (type pdf)
<use Imatges/HPPrime-Plot.pdf>
Package pdftex.def Info: Imatges/HPPrime-Plot.pdf  used on input line 1615.
(pdftex.def)             Requested size: 21.18163pt x 13.62018pt.
<Imatges/Cap-Fonaments-RL-Serie-Curtcircuit-HPP4.png, id=3570, 195.129pt x 146.
949pt>
File: Imatges/Cap-Fonaments-RL-Serie-Curtcircuit-HPP4.png Graphic file (type pn
g)
<use Imatges/Cap-Fonaments-RL-Serie-Curtcircuit-HPP4.png>
Package pdftex.def Info: Imatges/Cap-Fonaments-RL-Serie-Curtcircuit-HPP4.png  u
sed on input line 1617.
(pdftex.def)             Requested size: 195.12851pt x 146.94864pt.
<Imatges/Cap-Fonaments-RL-Serie-Curtcircuit-HPP5.png, id=3571, 195.129pt x 146.
949pt>
File: Imatges/Cap-Fonaments-RL-Serie-Curtcircuit-HPP5.png Graphic file (type pn
g)
<use Imatges/Cap-Fonaments-RL-Serie-Curtcircuit-HPP5.png>
Package pdftex.def Info: Imatges/Cap-Fonaments-RL-Serie-Curtcircuit-HPP5.png  u
sed on input line 1621.
(pdftex.def)             Requested size: 195.12851pt x 146.94864pt.
<Imatges/Cap-Fonaments-RL-Serie-Curtcircuit-HPP6.png, id=3572, 195.129pt x 146.
949pt>
File: Imatges/Cap-Fonaments-RL-Serie-Curtcircuit-HPP6.png Graphic file (type pn
g)
<use Imatges/Cap-Fonaments-RL-Serie-Curtcircuit-HPP6.png>
Package pdftex.def Info: Imatges/Cap-Fonaments-RL-Serie-Curtcircuit-HPP6.png  u
sed on input line 1625.
(pdftex.def)             Requested size: 195.12851pt x 146.94864pt.
<Imatges/Cap-Fonaments-RL-Serie-Curtcircuit-HPP7.png, id=3573, 195.129pt x 146.
949pt>
File: Imatges/Cap-Fonaments-RL-Serie-Curtcircuit-HPP7.png Graphic file (type pn
g)
<use Imatges/Cap-Fonaments-RL-Serie-Curtcircuit-HPP7.png>
Package pdftex.def Info: Imatges/Cap-Fonaments-RL-Serie-Curtcircuit-HPP7.png  u
sed on input line 1629.
(pdftex.def)             Requested size: 195.12851pt x 146.94864pt.
[47 <./Imatges/Cap-Fonaments-RL-Serie-Curtcircuit-Exemple.pdf>] [48 <./Imatges/
Cap-Fonaments-RL-Serie-Curtcircuit-HPP1.png (PNG copy)> <./Imatges/Cap-Fonament
s-RL-Serie-Curtcircuit-HPP2.png (PNG copy)>] [49 <./Imatges/Cap-Fonaments-RL-Se
rie-Curtcircuit-HPP3.png (PNG copy)> <./Imatges/Cap-Fonaments-RL-Serie-Curtcirc
uit-HPP4.png (PNG copy)> <./Imatges/Cap-Fonaments-RL-Serie-Curtcircuit-HPP5.png
 (PNG copy)>] (Imatges/Cap-Fonaments-Malles.pdf_tex
<Imatges/Cap-Fonaments-Malles.pdf, id=3601, page=1, 355.65945pt x 113.81102pt>
File: Imatges/Cap-Fonaments-Malles.pdf Graphic file (type pdf)
<use Imatges/Cap-Fonaments-Malles.pdf, page 1>
Package pdftex.def Info: Imatges/Cap-Fonaments-Malles.pdf , page1 used on input
 line 56.
(pdftex.def)             Requested size: 355.65944pt x 113.81073pt.
)
LaTeX Font Info:    Font shape `U/zeus/m/n' will be
(Font)              scaled to size 9.0pt on input line 1650.
LaTeX Font Info:    Font shape `U/zeus/m/n' will be
(Font)              scaled to size 7.3pt on input line 1650.
LaTeX Font Info:    Font shape `U/zeus/m/n' will be
(Font)              scaled to size 5.5pt on input line 1650.
 [50 <./Imatges/Cap-Fonaments-RL-Serie-Curtcircuit-HPP6.png (PNG copy)> <./Imat
ges/Cap-Fonaments-RL-Serie-Curtcircuit-HPP7.png (PNG copy)> <./Imatges/Cap-Fona
ments-Malles.pdf>] [51]
Package mdframed Info: mdframed works in twoside mode on input line 1756.
File: Imatges/HPPrime-Apps.pdf Graphic file (type pdf)
<use Imatges/HPPrime-Apps.pdf>
Package pdftex.def Info: Imatges/HPPrime-Apps.pdf  used on input line 1785.
(pdftex.def)             Requested size: 21.18163pt x 13.62018pt.
<Imatges/Cap-Fonaments-malles-HPP1.png, id=3640, 195.129pt x 146.949pt>
File: Imatges/Cap-Fonaments-malles-HPP1.png Graphic file (type png)
<use Imatges/Cap-Fonaments-malles-HPP1.png>
Package pdftex.def Info: Imatges/Cap-Fonaments-malles-HPP1.png  used on input l
ine 1787.
(pdftex.def)             Requested size: 195.12851pt x 146.94864pt.
<Imatges/Cap-Fonaments-malles-HPP2.png, id=3641, 195.129pt x 146.949pt>
File: Imatges/Cap-Fonaments-malles-HPP2.png Graphic file (type png)
<use Imatges/Cap-Fonaments-malles-HPP2.png>
Package pdftex.def Info: Imatges/Cap-Fonaments-malles-HPP2.png  used on input l
ine 1790.
(pdftex.def)             Requested size: 195.12851pt x 146.94864pt.
Package mdframed Info: Not enough space on this page on input line 1810.

[52]
Package mdframed Info: Not enough space on this page on input line 1810.
Package mdframed Info: Box was splittet wrong
 starting loop to iterate the splitting point
(mdframed)              on input line 1810.
 [53 <./Imatges/Cap-Fonaments-malles-HPP1.png (PNG copy)> <./Imatges/Cap-Foname
nts-malles-HPP2.png (PNG copy)>]) [54]
\openout2 = `Capitols/Cap-Calculs-Basics.aux'.

 (Capitols/Cap-Calculs-Basics.tex
Cap\'{\i }tol 2.
[55




] [56]
Package mdframed Info: mdframed works in twoside mode on input line 102.
 (Imatges/Cap-CalcBas-pu-Circuit1.pdf_tex
<Imatges/Cap-CalcBas-pu-Circuit1.pdf, id=3680, page=1, 312.09117pt x 40.01169pt
>
File: Imatges/Cap-CalcBas-pu-Circuit1.pdf Graphic file (type pdf)
<use Imatges/Cap-CalcBas-pu-Circuit1.pdf, page 1>
Package pdftex.def Info: Imatges/Cap-CalcBas-pu-Circuit1.pdf , page1 used on in
put line 56.
(pdftex.def)             Requested size: 312.09116pt x 40.01524pt.
)
(Imatges/Cap-CalcBas-pu-Circuit2.pdf_tex
<Imatges/Cap-CalcBas-pu-Circuit2.pdf, id=3682, page=1, 333.43073pt x 66.68614pt
>
File: Imatges/Cap-CalcBas-pu-Circuit2.pdf Graphic file (type pdf)
<use Imatges/Cap-CalcBas-pu-Circuit2.pdf, page 1>
Package pdftex.def Info: Imatges/Cap-CalcBas-pu-Circuit2.pdf , page1 used on in
put line 56.
(pdftex.def)             Requested size: 333.43071pt x 66.69002pt.
)
Package mdframed Info: Box was splittet wrong
 starting loop to iterate the splitting point
(mdframed)              on input line 211.
 [57 <./Imatges/Cap-CalcBas-pu-Circuit1.pdf>]
Package mdframed Info: Box was splittet wrong
 starting loop to iterate the splitting point
(mdframed)              on input line 211.
 [58 <./Imatges/Cap-CalcBas-pu-Circuit2.pdf>]
(Imatges/Cap-CalcBas-pu-ZM.pdf_tex
<Imatges/Cap-CalcBas-pu-ZM.pdf, id=3698, page=1, 152.04442pt x 93.36061pt>
File: Imatges/Cap-CalcBas-pu-ZM.pdf Graphic file (type pdf)
<use Imatges/Cap-CalcBas-pu-ZM.pdf, page 1>
Package pdftex.def Info: Imatges/Cap-CalcBas-pu-ZM.pdf , page1 used on input li
ne 56.
(pdftex.def)             Requested size: 152.0444pt x 93.36748pt.
) [59 <./Imatges/Cap-CalcBas-pu-ZM.pdf>]
(Imatges/Cap-CalcBas-pu-YM.pdf_tex
<Imatges/Cap-CalcBas-pu-YM.pdf, id=3719, page=1, 152.04442pt x 122.70251pt>
File: Imatges/Cap-CalcBas-pu-YM.pdf Graphic file (type pdf)
<use Imatges/Cap-CalcBas-pu-YM.pdf, page 1>
Package pdftex.def Info: Imatges/Cap-CalcBas-pu-YM.pdf , page1 used on input li
ne 56.
(pdftex.def)             Requested size: 152.0444pt x 122.71155pt.
) [60 <./Imatges/Cap-CalcBas-pu-YM.pdf>]
(Imatges/Cap-CalcBas-Divisor-Tensio.pdf_tex
<Imatges/Cap-CalcBas-Divisor-Tensio.pdf, id=3736, page=1, 320.0935pt x 93.36061
pt>
File: Imatges/Cap-CalcBas-Divisor-Tensio.pdf Graphic file (type pdf)
<use Imatges/Cap-CalcBas-Divisor-Tensio.pdf, page 1>
Package pdftex.def Info: Imatges/Cap-CalcBas-Divisor-Tensio.pdf , page1 used on
 input line 56.
(pdftex.def)             Requested size: 320.09349pt x 93.36891pt.
) [61 <./Imatges/Cap-CalcBas-Divisor-Tensio.pdf>] (Imatges/Cap-CalcBas-Divisor-
Corrent.pdf_tex
<Imatges/Cap-CalcBas-Divisor-Corrent.pdf, id=3751, page=1, 275.45825pt x 79.667
71pt>
File: Imatges/Cap-CalcBas-Divisor-Corrent.pdf Graphic file (type pdf)
<use Imatges/Cap-CalcBas-Divisor-Corrent.pdf, page 1>
Package pdftex.def Info: Imatges/Cap-CalcBas-Divisor-Corrent.pdf , page1 used o
n input line 56.
(pdftex.def)             Requested size: 275.45824pt x 79.67235pt.
)
(Imatges/Cap-CalcBas-YD.pdf_tex
<Imatges/Cap-CalcBas-YD.pdf, id=3753, page=1, 293.41902pt x 93.36061pt>
File: Imatges/Cap-CalcBas-YD.pdf Graphic file (type pdf)
<use Imatges/Cap-CalcBas-YD.pdf, page 1>
Package pdftex.def Info: Imatges/Cap-CalcBas-YD.pdf , page1 used on input line 
56.
(pdftex.def)             Requested size: 293.41902pt x 93.3632pt.
) [62 <./Imatges/Cap-CalcBas-Divisor-Corrent.pdf>]
Package mdframed Info: mdframed works in twoside mode on input line 392.
 (Imatges/Cap-CalcBas-EZS.pdf_tex
<Imatges/Cap-CalcBas-EZS.pdf, id=3771, page=1, 333.43073pt x 72.02104pt>
File: Imatges/Cap-CalcBas-EZS.pdf Graphic file (type pdf)
<use Imatges/Cap-CalcBas-EZS.pdf, page 1>
Package pdftex.def Info: Imatges/Cap-CalcBas-EZS.pdf , page1 used on input line
 56.
(pdftex.def)             Requested size: 333.43071pt x 72.02524pt.
) [63 <./Imatges/Cap-CalcBas-YD.pdf>]
[64 <./Imatges/Cap-CalcBas-EZS.pdf>]
Package mdframed Info: mdframed works in twoside mode on input line 533.
LaTeX Font Info:    Font shape `T1/npxtt/m/n' will be
(Font)              scaled to size 10.95pt on input line 590.
<Imatges/HPPrime-Enter.pdf, id=3823, 32.49641pt x 13.58592pt>
File: Imatges/HPPrime-Enter.pdf Graphic file (type pdf)
<use Imatges/HPPrime-Enter.pdf>
Package pdftex.def Info: Imatges/HPPrime-Enter.pdf  used on input line 595.
(pdftex.def)             Requested size: 32.49632pt x 13.58588pt.
File: Imatges/HPPrime-Enter.pdf Graphic file (type pdf)
<use Imatges/HPPrime-Enter.pdf>
Package pdftex.def Info: Imatges/HPPrime-Enter.pdf  used on input line 595.
(pdftex.def)             Requested size: 32.49632pt x 13.58588pt.
File: Imatges/HPPrime-Enter.pdf Graphic file (type pdf)
<use Imatges/HPPrime-Enter.pdf>
Package pdftex.def Info: Imatges/HPPrime-Enter.pdf  used on input line 595.
(pdftex.def)             Requested size: 32.49632pt x 13.58588pt.
<Imatges/Cap-CalcBas-EZS-HPP1.png, id=3824, 195.129pt x 146.949pt>
File: Imatges/Cap-CalcBas-EZS-HPP1.png Graphic file (type png)
<use Imatges/Cap-CalcBas-EZS-HPP1.png>
Package pdftex.def Info: Imatges/Cap-CalcBas-EZS-HPP1.png  used on input line 5
97.
(pdftex.def)             Requested size: 195.12851pt x 146.94864pt.
File: Imatges/HPPrime-Enter.pdf Graphic file (type pdf)
<use Imatges/HPPrime-Enter.pdf>
Package pdftex.def Info: Imatges/HPPrime-Enter.pdf  used on input line 599.
(pdftex.def)             Requested size: 32.49632pt x 13.58588pt.
<Imatges/Cap-CalcBas-EZS-HPP2.png, id=3825, 195.129pt x 146.949pt>
File: Imatges/Cap-CalcBas-EZS-HPP2.png Graphic file (type png)
<use Imatges/Cap-CalcBas-EZS-HPP2.png>
Package pdftex.def Info: Imatges/Cap-CalcBas-EZS-HPP2.png  used on input line 6
01.
(pdftex.def)             Requested size: 195.12851pt x 146.94864pt.
LaTeX Font Info:    Font shape `T1/zpltlf/b/it' will be
(Font)              scaled to size 10.95pt on input line 604.
File: Imatges/HPPrime-Enter.pdf Graphic file (type pdf)
<use Imatges/HPPrime-Enter.pdf>
Package pdftex.def Info: Imatges/HPPrime-Enter.pdf  used on input line 604.
(pdftex.def)             Requested size: 32.49632pt x 13.58588pt.
<Imatges/Cap-CalcBas-EZS-HPP3.png, id=3826, 195.129pt x 146.949pt>
File: Imatges/Cap-CalcBas-EZS-HPP3.png Graphic file (type png)
<use Imatges/Cap-CalcBas-EZS-HPP3.png>
Package pdftex.def Info: Imatges/Cap-CalcBas-EZS-HPP3.png  used on input line 6
06.
(pdftex.def)             Requested size: 195.12851pt x 146.94864pt.
Package mdframed Info: Not enough space on this page on input line 609.
 [65]
Package mdframed Info: Not enough space on this page on input line 609.
 [66]
Underfull \vbox (badness 10000) has occurred while \output is active []

 [67 <./Imatges/HPPrime-Enter.pdf> <./Imatges/Cap-CalcBas-EZS-HPP1.png (PNG cop
y)> <./Imatges/Cap-CalcBas-EZS-HPP2.png (PNG copy)> <./Imatges/Cap-CalcBas-EZS-
HPP3.png (PNG copy)>] (Imatges/Cap-CalcBas-Icc-Trafo.pdf_tex
<Imatges/Cap-CalcBas-Icc-Trafo.pdf, id=3871, page=1, 138.70718pt x 53.34892pt>
File: Imatges/Cap-CalcBas-Icc-Trafo.pdf Graphic file (type pdf)
<use Imatges/Cap-CalcBas-Icc-Trafo.pdf, page 1>
Package pdftex.def Info: Imatges/Cap-CalcBas-Icc-Trafo.pdf , page1 used on inpu
t line 56.
(pdftex.def)             Requested size: 138.70718pt x 53.3496pt.
) [68 <./Imatges/Cap-CalcBas-Icc-Trafo.pdf>]
Package mdframed Info: mdframed works in twoside mode on input line 692.
 (Imatges/Cap-CalcBas-EscalesLog.pdf_tex
<Imatges/Cap-CalcBas-EscalesLog.pdf, id=3887, page=1, 400.11687pt x 106.69785pt
>
File: Imatges/Cap-CalcBas-EscalesLog.pdf Graphic file (type pdf)
<use Imatges/Cap-CalcBas-EscalesLog.pdf, page 1>
Package pdftex.def Info: Imatges/Cap-CalcBas-EscalesLog.pdf , page1 used on inp
ut line 56.
(pdftex.def)             Requested size: 400.11685pt x 106.70247pt.
) [69]
Package mdframed Info: mdframed works in twoside mode on input line 751.
 [70 <./Imatges/Cap-CalcBas-EscalesLog.pdf>]
Package mdframed Info: mdframed works in twoside mode on input line 806.
 (Imatges/Cap-CalcBas-RectaLogLog.tex
<Imatges/Cap-CalcBas-RectaLogLog.pdf, id=3908, 454.69875pt x 639.38875pt>
File: Imatges/Cap-CalcBas-RectaLogLog.pdf Graphic file (type pdf)
<use Imatges/Cap-CalcBas-RectaLogLog.pdf>
Package pdftex.def Info: Imatges/Cap-CalcBas-RectaLogLog.pdf  used on input lin
e 119.
(pdftex.def)             Requested size: 454.70456pt x 639.39693pt.
) [71]) [72 <./Imatges/Cap-CalcBas-RectaLogLog.pdf>]
\openout2 = `Capitols/Cap-Components-Simetriques.aux'.

 (Capitols/Cap-Components-Simetriques.tex
Cap\'{\i }tol 3.
(Imatges/Cap-CompSim-CompSim.pdf_tex
<Imatges/Cap-CompSim-CompSim.pdf, id=3933, page=1, 448.13087pt x 125.36995pt>
File: Imatges/Cap-CompSim-CompSim.pdf Graphic file (type pdf)
<use Imatges/Cap-CompSim-CompSim.pdf, page 1>
Package pdftex.def Info: Imatges/Cap-CompSim-CompSim.pdf , page1 used on input 
line 56.
(pdftex.def)             Requested size: 448.13089pt x 125.36963pt.
LaTeX Font Info:    Font shape `T1/zpltlf/m/sc' will be
(Font)              scaled to size 8.0pt on input line 58.
) [73




] [74 <./Imatges/Cap-CompSim-CompSim.pdf>] (Imatges/Cap-CompSim-Tensions.pdf_te
x
<Imatges/Cap-CompSim-Tensions.pdf, id=3965, page=1, 261.4097pt x 160.04674pt>
File: Imatges/Cap-CompSim-Tensions.pdf Graphic file (type pdf)
<use Imatges/Cap-CompSim-Tensions.pdf, page 1>
Package pdftex.def Info: Imatges/Cap-CompSim-Tensions.pdf , page1 used on input
 line 56.
(pdftex.def)             Requested size: 261.40968pt x 160.04634pt.
) [75 <./Imatges/Cap-CompSim-Tensions.pdf>] [76]
Package mdframed Info: mdframed works in twoside mode on input line 298.
 (Imatges/Cap-CompSim-Tensions-Exemple1.pdf_tex
<Imatges/Cap-CompSim-Tensions-Exemple1.pdf, id=3998, page=1, 369.88583pt x 170.
71654pt>
File: Imatges/Cap-CompSim-Tensions-Exemple1.pdf Graphic file (type pdf)
<use Imatges/Cap-CompSim-Tensions-Exemple1.pdf, page 1>
Package pdftex.def Info: Imatges/Cap-CompSim-Tensions-Exemple1.pdf , page1 used
 on input line 56.
(pdftex.def)             Requested size: 369.88582pt x 170.7187pt.
)
Package mdframed Info: Box was splittet wrong
 starting loop to iterate the splitting point
(mdframed)              on input line 435.
 [77 <./Imatges/Cap-CompSim-Tensions-Exemple1.pdf>] [78]
Package mdframed Info: mdframed works in twoside mode on input line 438.

(Imatges/Cap-CompSim-Tensions-Exemple2.pdf_tex
<Imatges/Cap-CompSim-Tensions-Exemple2.pdf, id=4028, page=1, 369.88583pt x 170.
71654pt>
File: Imatges/Cap-CompSim-Tensions-Exemple2.pdf Graphic file (type pdf)
<use Imatges/Cap-CompSim-Tensions-Exemple2.pdf, page 1>
Package pdftex.def Info: Imatges/Cap-CompSim-Tensions-Exemple2.pdf , page1 used
 on input line 56.
(pdftex.def)             Requested size: 369.88582pt x 170.7187pt.
) [79 <./Imatges/Cap-CompSim-Tensions-Exemple2.pdf>]
Package mdframed Info: Box was splittet wrong
 starting loop to iterate the splitting point
(mdframed)              on input line 497.
 [80]) [81]
\openout2 = `Capitols/Cap-Series-Fourier.aux'.

 (Capitols/Cap-Series-Fourier.tex [82




]
Cap\'{\i }tol 4.
[83] [84] [85] [86] [87]
Package mdframed Info: mdframed works in twoside mode on input line 275.
 [88] [89] (Imatges/Cap-Fourier-Funcio-1.pdf_tex
<Imatges/Cap-Fourier-Funcio-1.pdf, id=4166, page=1, 173.38399pt x 53.34892pt>
File: Imatges/Cap-Fourier-Funcio-1.pdf Graphic file (type pdf)
<use Imatges/Cap-Fourier-Funcio-1.pdf, page 1>
Package pdftex.def Info: Imatges/Cap-Fourier-Funcio-1.pdf , page1 used on input
 line 56.
(pdftex.def)             Requested size: 173.38397pt x 53.35123pt.
LaTeX Font Info:    Font shape `U/zeus/m/n' will be
(Font)              scaled to size 6.2pt on input line 57.
)
(Imatges/Cap-Fourier-Funcio-2.pdf_tex
<Imatges/Cap-Fourier-Funcio-2.pdf, id=4167, page=1, 173.38399pt x 72.02104pt>
File: Imatges/Cap-Fourier-Funcio-2.pdf Graphic file (type pdf)
<use Imatges/Cap-Fourier-Funcio-2.pdf, page 1>
Package pdftex.def Info: Imatges/Cap-Fourier-Funcio-2.pdf , page1 used on input
 line 56.
(pdftex.def)             Requested size: 173.38397pt x 72.02414pt.
) (Imatges/Cap-Fourier-Funcio-3.pdf_tex
<Imatges/Cap-Fourier-Funcio-3.pdf, id=4168, page=1, 173.38399pt x 53.34892pt>
File: Imatges/Cap-Fourier-Funcio-3.pdf Graphic file (type pdf)
<use Imatges/Cap-Fourier-Funcio-3.pdf, page 1>
Package pdftex.def Info: Imatges/Cap-Fourier-Funcio-3.pdf , page1 used on input
 line 56.
(pdftex.def)             Requested size: 173.38397pt x 53.35123pt.
)
(Imatges/Cap-Fourier-Funcio-4.pdf_tex
<Imatges/Cap-Fourier-Funcio-4.pdf, id=4169, page=1, 173.38399pt x 72.02104pt>
File: Imatges/Cap-Fourier-Funcio-4.pdf Graphic file (type pdf)
<use Imatges/Cap-Fourier-Funcio-4.pdf, page 1>
Package pdftex.def Info: Imatges/Cap-Fourier-Funcio-4.pdf , page1 used on input
 line 56.
(pdftex.def)             Requested size: 173.38397pt x 72.02414pt.
) (Imatges/Cap-Fourier-Funcio-5.pdf_tex
<Imatges/Cap-Fourier-Funcio-5.pdf, id=4170, page=1, 173.38399pt x 72.02104pt>
File: Imatges/Cap-Fourier-Funcio-5.pdf Graphic file (type pdf)
<use Imatges/Cap-Fourier-Funcio-5.pdf, page 1>
Package pdftex.def Info: Imatges/Cap-Fourier-Funcio-5.pdf , page1 used on input
 line 56.
(pdftex.def)             Requested size: 173.38397pt x 72.02414pt.
)
(Imatges/Cap-Fourier-Funcio-6.pdf_tex
<Imatges/Cap-Fourier-Funcio-6.pdf, id=4171, page=1, 173.38399pt x 53.34892pt>
File: Imatges/Cap-Fourier-Funcio-6.pdf Graphic file (type pdf)
<use Imatges/Cap-Fourier-Funcio-6.pdf, page 1>
Package pdftex.def Info: Imatges/Cap-Fourier-Funcio-6.pdf , page1 used on input
 line 56.
(pdftex.def)             Requested size: 173.38397pt x 53.35123pt.
) (Imatges/Cap-Fourier-Funcio-7.pdf_tex
<Imatges/Cap-Fourier-Funcio-7.pdf, id=4172, page=1, 173.38399pt x 53.34892pt>
File: Imatges/Cap-Fourier-Funcio-7.pdf Graphic file (type pdf)
<use Imatges/Cap-Fourier-Funcio-7.pdf, page 1>
Package pdftex.def Info: Imatges/Cap-Fourier-Funcio-7.pdf , page1 used on input
 line 56.
(pdftex.def)             Requested size: 173.38397pt x 53.35123pt.
)
(Imatges/Cap-Fourier-Funcio-8.pdf_tex
<Imatges/Cap-Fourier-Funcio-8.pdf, id=4173, page=1, 173.38399pt x 72.02104pt>
File: Imatges/Cap-Fourier-Funcio-8.pdf Graphic file (type pdf)
<use Imatges/Cap-Fourier-Funcio-8.pdf, page 1>
Package pdftex.def Info: Imatges/Cap-Fourier-Funcio-8.pdf , page1 used on input
 line 56.
(pdftex.def)             Requested size: 173.38397pt x 72.02414pt.
) (Imatges/Cap-Fourier-Funcio-9.pdf_tex
<Imatges/Cap-Fourier-Funcio-9.pdf, id=4174, page=1, 173.38399pt x 53.34892pt>
File: Imatges/Cap-Fourier-Funcio-9.pdf Graphic file (type pdf)
<use Imatges/Cap-Fourier-Funcio-9.pdf, page 1>
Package pdftex.def Info: Imatges/Cap-Fourier-Funcio-9.pdf , page1 used on input
 line 56.
(pdftex.def)             Requested size: 173.38397pt x 53.35123pt.
)
(Imatges/Cap-Fourier-Funcio-10.pdf_tex
<Imatges/Cap-Fourier-Funcio-10.pdf, id=4175, page=1, 173.38399pt x 72.02104pt>
File: Imatges/Cap-Fourier-Funcio-10.pdf Graphic file (type pdf)
<use Imatges/Cap-Fourier-Funcio-10.pdf, page 1>
Package pdftex.def Info: Imatges/Cap-Fourier-Funcio-10.pdf , page1 used on inpu
t line 56.
(pdftex.def)             Requested size: 173.38397pt x 72.02414pt.
) (Imatges/Cap-Fourier-Funcio-11.pdf_tex
<Imatges/Cap-Fourier-Funcio-11.pdf, id=4176, page=1, 173.38399pt x 53.34892pt>
File: Imatges/Cap-Fourier-Funcio-11.pdf Graphic file (type pdf)
<use Imatges/Cap-Fourier-Funcio-11.pdf, page 1>
Package pdftex.def Info: Imatges/Cap-Fourier-Funcio-11.pdf , page1 used on inpu
t line 56.
(pdftex.def)             Requested size: 173.38397pt x 53.35123pt.
) (Imatges/Cap-Fourier-Funcio-12.pdf_tex
<Imatges/Cap-Fourier-Funcio-12.pdf, id=4177, page=1, 173.38399pt x 72.02104pt>
File: Imatges/Cap-Fourier-Funcio-12.pdf Graphic file (type pdf)
<use Imatges/Cap-Fourier-Funcio-12.pdf, page 1>
Package pdftex.def Info: Imatges/Cap-Fourier-Funcio-12.pdf , page1 used on inpu
t line 56.
(pdftex.def)             Requested size: 173.38397pt x 72.02414pt.
) (Imatges/Cap-Fourier-Funcio-13.pdf_tex
<Imatges/Cap-Fourier-Funcio-13.pdf, id=4178, page=1, 173.38399pt x 53.34892pt>
File: Imatges/Cap-Fourier-Funcio-13.pdf Graphic file (type pdf)
<use Imatges/Cap-Fourier-Funcio-13.pdf, page 1>
Package pdftex.def Info: Imatges/Cap-Fourier-Funcio-13.pdf , page1 used on inpu
t line 56.
(pdftex.def)             Requested size: 173.38397pt x 53.35123pt.
) (Imatges/Cap-Fourier-Funcio-14.pdf_tex
<Imatges/Cap-Fourier-Funcio-14.pdf, id=4179, page=1, 173.38399pt x 53.34892pt>
File: Imatges/Cap-Fourier-Funcio-14.pdf Graphic file (type pdf)
<use Imatges/Cap-Fourier-Funcio-14.pdf, page 1>
Package pdftex.def Info: Imatges/Cap-Fourier-Funcio-14.pdf , page1 used on inpu
t line 56.
(pdftex.def)             Requested size: 173.38397pt x 53.35123pt.
)
Capitols/Cap-Series-Fourier.tex:431: ignored error: Infinite glue shrinkage fou
nd in box being split [90 <./Imatges/Cap-Fourier-Funcio-1.pdf> <./Imatges/Cap-F
ourier-Funcio-2.pdf> <./Imatges/Cap-Fourier-Funcio-3.pdf>]
Capitols/Cap-Series-Fourier.tex:431: ignored error: Infinite glue shrinkage fou
nd in box being split [91 <./Imatges/Cap-Fourier-Funcio-4.pdf> <./Imatges/Cap-F
ourier-Funcio-5.pdf> <./Imatges/Cap-Fourier-Funcio-6.pdf> <./Imatges/Cap-Fourie
r-Funcio-7.pdf> <./Imatges/Cap-Fourier-Funcio-8.pdf> <./Imatges/Cap-Fourier-Fun
cio-9.pdf> <./Imatges/Cap-Fourier-Funcio-10.pdf>]
Package mdframed Info: mdframed works in twoside mode on input line 446.

(Imatges/Cap-Fourier-Exemple-Taula.pdf_tex
<Imatges/Cap-Fourier-Exemple-Taula.pdf, id=4203, page=1, 146.70952pt x 80.02338
pt>
File: Imatges/Cap-Fourier-Exemple-Taula.pdf Graphic file (type pdf)
<use Imatges/Cap-Fourier-Exemple-Taula.pdf, page 1>
Package pdftex.def Info: Imatges/Cap-Fourier-Exemple-Taula.pdf , page1 used on 
input line 56.
(pdftex.def)             Requested size: 146.7095pt x 80.02562pt.
) [92 <./Imatges/Cap-Fourier-Funcio-11.pdf> <./Imatges/Cap-Fourier-Funcio-12.pd
f> <./Imatges/Cap-Fourier-Funcio-13.pdf> <./Imatges/Cap-Fourier-Funcio-14.pdf>]

Underfull \vbox (badness 10000) has occurred while \output is active []

 [93 <./Imatges/Cap-Fourier-Exemple-Taula.pdf>]
Package mdframed Info: mdframed works in twoside mode on input line 554.

(Imatges/Cap-Fourier-Exemple-Circuit.pdf_tex
<Imatges/Cap-Fourier-Exemple-Circuit.pdf, id=4236, page=1, 373.44241pt x 104.03
04pt>
File: Imatges/Cap-Fourier-Exemple-Circuit.pdf Graphic file (type pdf)
<use Imatges/Cap-Fourier-Exemple-Circuit.pdf, page 1>
Package pdftex.def Info: Imatges/Cap-Fourier-Exemple-Circuit.pdf , page1 used o
n input line 56.
(pdftex.def)             Requested size: 373.44241pt x 104.03012pt.
)
(Imatges/Cap-Fourier-Exemple-Tensio.tex
<Imatges/Cap-Fourier-Exemple-Tensio.pdf, id=4238, 454.69875pt x 255.95625pt>
File: Imatges/Cap-Fourier-Exemple-Tensio.pdf Graphic file (type pdf)
<use Imatges/Cap-Fourier-Exemple-Tensio.pdf>
Package pdftex.def Info: Imatges/Cap-Fourier-Exemple-Tensio.pdf  used on input 
line 155.
(pdftex.def)             Requested size: 454.70456pt x 255.95561pt.
)
(Imatges/Cap-Fourier-Exemple-Corrent.tex
<Imatges/Cap-Fourier-Exemple-Corrent.pdf, id=4239, 454.69875pt x 255.95625pt>
File: Imatges/Cap-Fourier-Exemple-Corrent.pdf Graphic file (type pdf)
<use Imatges/Cap-Fourier-Exemple-Corrent.pdf>
Package pdftex.def Info: Imatges/Cap-Fourier-Exemple-Corrent.pdf  used on input
 line 151.
(pdftex.def)             Requested size: 454.70456pt x 255.95561pt.
)
LaTeX Font Info:    Font shape `T1/npxtt/m/n' will be
(Font)              scaled to size 8.0pt on input line 754.
LaTeX Font Info:    Font shape `T1/npxtt/m/n' will be
(Font)              scaled to size 6.1pt on input line 754.

Underfull \hbox (badness 10000) in paragraph at lines 766--767

 []


Underfull \hbox (badness 10000) in paragraph at lines 790--791

 []

File: Imatges/HPPrime-Apps.pdf Graphic file (type pdf)
<use Imatges/HPPrime-Apps.pdf>
Package pdftex.def Info: Imatges/HPPrime-Apps.pdf  used on input line 798.
(pdftex.def)             Requested size: 21.18163pt x 13.62018pt.
<Imatges/Cap-Fourier-HPP1.png, id=4241, 195.129pt x 146.949pt>
File: Imatges/Cap-Fourier-HPP1.png Graphic file (type png)
<use Imatges/Cap-Fourier-HPP1.png>
Package pdftex.def Info: Imatges/Cap-Fourier-HPP1.png  used on input line 800.
(pdftex.def)             Requested size: 195.12851pt x 146.94864pt.
<Imatges/Cap-Fourier-HPP2.png, id=4242, 195.129pt x 146.949pt>
File: Imatges/Cap-Fourier-HPP2.png Graphic file (type png)
<use Imatges/Cap-Fourier-HPP2.png>
Package pdftex.def Info: Imatges/Cap-Fourier-HPP2.png  used on input line 804.
(pdftex.def)             Requested size: 195.12851pt x 146.94864pt.
File: Imatges/HPPrime-Shift.pdf Graphic file (type pdf)
<use Imatges/HPPrime-Shift.pdf>
Package pdftex.def Info: Imatges/HPPrime-Shift.pdf  used on input line 806.
(pdftex.def)             Requested size: 21.18163pt x 13.62018pt.
<Imatges/HPPrime-Num.pdf, id=4243, 21.18169pt x 13.62022pt>
File: Imatges/HPPrime-Num.pdf Graphic file (type pdf)
<use Imatges/HPPrime-Num.pdf>
Package pdftex.def Info: Imatges/HPPrime-Num.pdf  used on input line 806.
(pdftex.def)             Requested size: 21.18163pt x 13.62018pt.
<Imatges/Cap-Fourier-HPP3.png, id=4244, 195.129pt x 146.949pt>
File: Imatges/Cap-Fourier-HPP3.png Graphic file (type png)
<use Imatges/Cap-Fourier-HPP3.png>
Package pdftex.def Info: Imatges/Cap-Fourier-HPP3.png  used on input line 808.
(pdftex.def)             Requested size: 195.12851pt x 146.94864pt.
File: Imatges/HPPrime-Num.pdf Graphic file (type pdf)
<use Imatges/HPPrime-Num.pdf>
Package pdftex.def Info: Imatges/HPPrime-Num.pdf  used on input line 810.
(pdftex.def)             Requested size: 21.18163pt x 13.62018pt.
<Imatges/Cap-Fourier-HPP4.png, id=4245, 195.129pt x 146.949pt>
File: Imatges/Cap-Fourier-HPP4.png Graphic file (type png)
<use Imatges/Cap-Fourier-HPP4.png>
Package pdftex.def Info: Imatges/Cap-Fourier-HPP4.png  used on input line 812.
(pdftex.def)             Requested size: 195.12851pt x 146.94864pt.
(Imatges/Cap-Fourier-Exemple-Tensio-Corrent.tex
<Imatges/Cap-Fourier-Exemple-Tensio-Corrent.pdf, id=4246, 454.69875pt x 226.847
5pt>
File: Imatges/Cap-Fourier-Exemple-Tensio-Corrent.pdf Graphic file (type pdf)
<use Imatges/Cap-Fourier-Exemple-Tensio-Corrent.pdf>
Package pdftex.def Info: Imatges/Cap-Fourier-Exemple-Tensio-Corrent.pdf  used o
n input line 183.
(pdftex.def)             Requested size: 454.70456pt x 226.85039pt.
)
(Imatges/Cap-Fourier-Exemple-Tensio-Corrent-RL.tex
<Imatges/Cap-Fourier-Exemple-Tensio-Corrent-RL.pdf, id=4251, 454.69875pt x 226.
8475pt>
File: Imatges/Cap-Fourier-Exemple-Tensio-Corrent-RL.pdf Graphic file (type pdf)

<use Imatges/Cap-Fourier-Exemple-Tensio-Corrent-RL.pdf>
Package pdftex.def Info: Imatges/Cap-Fourier-Exemple-Tensio-Corrent-RL.pdf  use
d on input line 165.
(pdftex.def)             Requested size: 454.70456pt x 226.85039pt.
) [94]
Package mdframed Info: Not enough space on this page on input line 849.
Package mdframed Info: Box was splittet wrong
 starting loop to iterate the splitting point
(mdframed)              on input line 849.
 [95 <./Imatges/Cap-Fourier-Exemple-Circuit.pdf>] [96 <./Imatges/Cap-Fourier-Ex
emple-Tensio.pdf>]
[97] [98 <./Imatges/Cap-Fourier-Exemple-Corrent.pdf>] [99] [100 <./Imatges/Cap-
Fourier-HPP1.png (PNG copy)> <./Imatges/Cap-Fourier-HPP2.png (PNG copy)> <./Ima
tges/HPPrime-Num.pdf> <./Imatges/Cap-Fourier-HPP3.png (PNG copy)>]
Package mdframed Info: Box was splittet wrong
 starting loop to iterate the splitting point
(mdframed)              on input line 849.
 [101 <./Imatges/Cap-Fourier-HPP4.png (PNG copy)> <./Imatges/Cap-Fourier-Exempl
e-Tensio-Corrent.pdf>]) [102 <./Imatges/Cap-Fourier-Exemple-Tensio-Corrent-RL.p
df>]
\openout2 = `Capitols/Cap-Transformada-Laplace.aux'.


(Capitols/Cap-Transformada-Laplace.tex
Cap\'{\i }tol 5.
LaTeX Font Info:    Font shape `T1/npxtt/m/n' will be
(Font)              scaled to size 7.3pt on input line 7.
LaTeX Font Info:    Font shape `T1/npxtt/m/n' will be
(Font)              scaled to size 5.5pt on input line 7.
[103




] [104] [105]
Capitols/Cap-Transformada-Laplace.tex:282: ignored error: Infinite glue shrinka
ge found in box being split [106]
Capitols/Cap-Transformada-Laplace.tex:282: ignored error: Infinite glue shrinka
ge found in box being split [107]
Capitols/Cap-Transformada-Laplace.tex:282: ignored error: Infinite glue shrinka
ge found in box being split [108] (Imatges/Cap-Laplace-Funcio-1.pdf_tex
<Imatges/Cap-Laplace-Funcio-1.pdf, id=4391, page=1, 173.38399pt x 53.34892pt>
File: Imatges/Cap-Laplace-Funcio-1.pdf Graphic file (type pdf)
<use Imatges/Cap-Laplace-Funcio-1.pdf, page 1>
Package pdftex.def Info: Imatges/Cap-Laplace-Funcio-1.pdf , page1 used on input
 line 56.
(pdftex.def)             Requested size: 173.38397pt x 53.35123pt.
LaTeX Font Info:    Font shape `T1/npxtt/m/n' will be
(Font)              scaled to size 6.2pt on input line 57.
)
(Imatges/Cap-Laplace-Funcio-2.pdf_tex
<Imatges/Cap-Laplace-Funcio-2.pdf, id=4392, page=1, 173.38399pt x 53.34892pt>
File: Imatges/Cap-Laplace-Funcio-2.pdf Graphic file (type pdf)
<use Imatges/Cap-Laplace-Funcio-2.pdf, page 1>
Package pdftex.def Info: Imatges/Cap-Laplace-Funcio-2.pdf , page1 used on input
 line 56.
(pdftex.def)             Requested size: 173.38397pt x 53.35123pt.
) (Imatges/Cap-Laplace-Funcio-3.pdf_tex
<Imatges/Cap-Laplace-Funcio-3.pdf, id=4393, page=1, 173.38399pt x 72.02104pt>
File: Imatges/Cap-Laplace-Funcio-3.pdf Graphic file (type pdf)
<use Imatges/Cap-Laplace-Funcio-3.pdf, page 1>
Package pdftex.def Info: Imatges/Cap-Laplace-Funcio-3.pdf , page1 used on input
 line 56.
(pdftex.def)             Requested size: 173.38397pt x 72.02414pt.
)
(Imatges/Cap-Laplace-Funcio-4.pdf_tex
<Imatges/Cap-Laplace-Funcio-4.pdf, id=4394, page=1, 173.38399pt x 72.02104pt>
File: Imatges/Cap-Laplace-Funcio-4.pdf Graphic file (type pdf)
<use Imatges/Cap-Laplace-Funcio-4.pdf, page 1>
Package pdftex.def Info: Imatges/Cap-Laplace-Funcio-4.pdf , page1 used on input
 line 56.
(pdftex.def)             Requested size: 173.38397pt x 72.02414pt.
) (Imatges/Cap-Laplace-Funcio-5.pdf_tex
<Imatges/Cap-Laplace-Funcio-5.pdf, id=4395, page=1, 173.38399pt x 128.0374pt>
File: Imatges/Cap-Laplace-Funcio-5.pdf Graphic file (type pdf)
<use Imatges/Cap-Laplace-Funcio-5.pdf, page 1>
Package pdftex.def Info: Imatges/Cap-Laplace-Funcio-5.pdf , page1 used on input
 line 56.
(pdftex.def)             Requested size: 173.38397pt x 128.04292pt.
)
(Imatges/Cap-Laplace-Funcio-6.pdf_tex
<Imatges/Cap-Laplace-Funcio-6.pdf, id=4396, page=1, 173.38399pt x 53.34892pt>
File: Imatges/Cap-Laplace-Funcio-6.pdf Graphic file (type pdf)
<use Imatges/Cap-Laplace-Funcio-6.pdf, page 1>
Package pdftex.def Info: Imatges/Cap-Laplace-Funcio-6.pdf , page1 used on input
 line 56.
(pdftex.def)             Requested size: 173.38397pt x 53.35123pt.
) (Imatges/Cap-Laplace-Funcio-7.pdf_tex
<Imatges/Cap-Laplace-Funcio-7.pdf, id=4397, page=1, 173.38399pt x 53.34892pt>
File: Imatges/Cap-Laplace-Funcio-7.pdf Graphic file (type pdf)
<use Imatges/Cap-Laplace-Funcio-7.pdf, page 1>
Package pdftex.def Info: Imatges/Cap-Laplace-Funcio-7.pdf , page1 used on input
 line 56.
(pdftex.def)             Requested size: 173.38397pt x 53.35123pt.
)
(Imatges/Cap-Laplace-Funcio-8.pdf_tex
<Imatges/Cap-Laplace-Funcio-8.pdf, id=4398, page=1, 173.38399pt x 53.34892pt>
File: Imatges/Cap-Laplace-Funcio-8.pdf Graphic file (type pdf)
<use Imatges/Cap-Laplace-Funcio-8.pdf, page 1>
Package pdftex.def Info: Imatges/Cap-Laplace-Funcio-8.pdf , page1 used on input
 line 56.
(pdftex.def)             Requested size: 173.38397pt x 53.35123pt.
) (Imatges/Cap-Laplace-Funcio-9.pdf_tex
<Imatges/Cap-Laplace-Funcio-9.pdf, id=4399, page=1, 173.38399pt x 53.34892pt>
File: Imatges/Cap-Laplace-Funcio-9.pdf Graphic file (type pdf)
<use Imatges/Cap-Laplace-Funcio-9.pdf, page 1>
Package pdftex.def Info: Imatges/Cap-Laplace-Funcio-9.pdf , page1 used on input
 line 56.
(pdftex.def)             Requested size: 173.38397pt x 53.35123pt.
)
(Imatges/Cap-Laplace-Funcio-10.pdf_tex
<Imatges/Cap-Laplace-Funcio-10.pdf, id=4400, page=1, 173.38399pt x 72.02104pt>
File: Imatges/Cap-Laplace-Funcio-10.pdf Graphic file (type pdf)
<use Imatges/Cap-Laplace-Funcio-10.pdf, page 1>
Package pdftex.def Info: Imatges/Cap-Laplace-Funcio-10.pdf , page1 used on inpu
t line 56.
(pdftex.def)             Requested size: 173.38397pt x 72.02414pt.
) (Imatges/Cap-Laplace-Funcio-11.pdf_tex
<Imatges/Cap-Laplace-Funcio-11.pdf, id=4401, page=1, 173.38399pt x 53.34892pt>
File: Imatges/Cap-Laplace-Funcio-11.pdf Graphic file (type pdf)
<use Imatges/Cap-Laplace-Funcio-11.pdf, page 1>
Package pdftex.def Info: Imatges/Cap-Laplace-Funcio-11.pdf , page1 used on inpu
t line 56.
(pdftex.def)             Requested size: 173.38397pt x 53.35123pt.
) (Imatges/Cap-Laplace-Funcio-12.pdf_tex
<Imatges/Cap-Laplace-Funcio-12.pdf, id=4402, page=1, 173.38399pt x 53.34892pt>
File: Imatges/Cap-Laplace-Funcio-12.pdf Graphic file (type pdf)
<use Imatges/Cap-Laplace-Funcio-12.pdf, page 1>
Package pdftex.def Info: Imatges/Cap-Laplace-Funcio-12.pdf , page1 used on inpu
t line 56.
(pdftex.def)             Requested size: 173.38397pt x 53.35123pt.
) (Imatges/Cap-Laplace-Funcio-13.pdf_tex
<Imatges/Cap-Laplace-Funcio-13.pdf, id=4403, page=1, 173.38399pt x 72.02104pt>
File: Imatges/Cap-Laplace-Funcio-13.pdf Graphic file (type pdf)
<use Imatges/Cap-Laplace-Funcio-13.pdf, page 1>
Package pdftex.def Info: Imatges/Cap-Laplace-Funcio-13.pdf , page1 used on inpu
t line 56.
(pdftex.def)             Requested size: 173.38397pt x 72.02414pt.
) (Imatges/Cap-Laplace-Funcio-14.pdf_tex
<Imatges/Cap-Laplace-Funcio-14.pdf, id=4404, page=1, 173.38399pt x 53.34892pt>
File: Imatges/Cap-Laplace-Funcio-14.pdf Graphic file (type pdf)
<use Imatges/Cap-Laplace-Funcio-14.pdf, page 1>
Package pdftex.def Info: Imatges/Cap-Laplace-Funcio-14.pdf , page1 used on inpu
t line 56.
(pdftex.def)             Requested size: 173.38397pt x 53.35123pt.
)
(Imatges/Cap-Laplace-Funcio-15.pdf_tex
<Imatges/Cap-Laplace-Funcio-15.pdf, id=4405, page=1, 173.38399pt x 53.34892pt>
File: Imatges/Cap-Laplace-Funcio-15.pdf Graphic file (type pdf)
<use Imatges/Cap-Laplace-Funcio-15.pdf, page 1>
Package pdftex.def Info: Imatges/Cap-Laplace-Funcio-15.pdf , page1 used on inpu
t line 56.
(pdftex.def)             Requested size: 173.38397pt x 53.35123pt.
)
Capitols/Cap-Transformada-Laplace.tex:321: ignored error: Infinite glue shrinka
ge found in box being split [109 <./Imatges/Cap-Laplace-Funcio-1.pdf> <./Imatge
s/Cap-Laplace-Funcio-2.pdf>]
Capitols/Cap-Transformada-Laplace.tex:321: ignored error: Infinite glue shrinka
ge found in box being split [110 <./Imatges/Cap-Laplace-Funcio-3.pdf> <./Imatge
s/Cap-Laplace-Funcio-4.pdf> <./Imatges/Cap-Laplace-Funcio-5.pdf> <./Imatges/Cap
-Laplace-Funcio-6.pdf> <./Imatges/Cap-Laplace-Funcio-7.pdf> <./Imatges/Cap-Lapl
ace-Funcio-8.pdf>]
Package mdframed Info: mdframed works in twoside mode on input line 324.
 (Imatges/Cap-Laplace-Exemple1.pdf_tex
<Imatges/Cap-Laplace-Exemple1.pdf, id=4424, page=1, 400.11687pt x 96.02805pt>
File: Imatges/Cap-Laplace-Exemple1.pdf Graphic file (type pdf)
<use Imatges/Cap-Laplace-Exemple1.pdf, page 1>
Package pdftex.def Info: Imatges/Cap-Laplace-Exemple1.pdf , page1 used on input
 line 56.
(pdftex.def)             Requested size: 400.11685pt x 96.0322pt.
) [111 <./Imatges/Cap-Laplace-Funcio-9.pdf> <./Imatges/Cap-Laplace-Funcio-10.pd
f> <./Imatges/Cap-Laplace-Funcio-11.pdf> <./Imatges/Cap-Laplace-Funcio-12.pdf> 
<./Imatges/Cap-Laplace-Funcio-13.pdf> <./Imatges/Cap-Laplace-Funcio-14.pdf> <./
Imatges/Cap-Laplace-Funcio-15.pdf>]
Package mdframed Info: Not enough space on this page on input line 436.
 [112 <./Imatges/Cap-Laplace-Exemple1.pdf>] [113]
(Imatges/Cap-Laplace-Circuit-RLC.pdf_tex
<Imatges/Cap-Laplace-Circuit-RLC.pdf, id=4465, page=1, 221.398pt x 85.35828pt>
File: Imatges/Cap-Laplace-Circuit-RLC.pdf Graphic file (type pdf)
<use Imatges/Cap-Laplace-Circuit-RLC.pdf, page 1>
Package pdftex.def Info: Imatges/Cap-Laplace-Circuit-RLC.pdf , page1 used on in
put line 56.
(pdftex.def)             Requested size: 221.398pt x 85.36066pt.
)
Package mdframed Info: mdframed works in twoside mode on input line 504.
Package mdframed Info: Not enough space on this page on input line 530.
 [114 <./Imatges/Cap-Laplace-Circuit-RLC.pdf>]
Package mdframed Info: Not enough space on this page on input line 530.
 [115]
Package mdframed Info: mdframed works in twoside mode on input line 597.
 (Imatges/Cap-Laplace-Exemple3-Circuit.pdf_tex
<Imatges/Cap-Laplace-Exemple3-Circuit.pdf, id=4491, page=1, 312.09117pt x 122.7
0251pt>
File: Imatges/Cap-Laplace-Exemple3-Circuit.pdf Graphic file (type pdf)
<use Imatges/Cap-Laplace-Exemple3-Circuit.pdf, page 1>
Package pdftex.def Info: Imatges/Cap-Laplace-Exemple3-Circuit.pdf , page1 used 
on input line 56.
(pdftex.def)             Requested size: 312.09116pt x 122.71342pt.
LaTeX Info: Symbol \textmu not provided by
            font family zpltlf in TS1 encoding.
            Default family used instead on input line 63.
)
(Imatges/Cap-Laplace-Exemple3-Corrent.tex
<Imatges/Cap-Laplace-Exemple3-Corrent.pdf, id=4494, 412.54124pt x 240.9pt>
File: Imatges/Cap-Laplace-Exemple3-Corrent.pdf Graphic file (type pdf)
<use Imatges/Cap-Laplace-Exemple3-Corrent.pdf>
Package pdftex.def Info: Imatges/Cap-Laplace-Exemple3-Corrent.pdf  used on inpu
t line 133.
(pdftex.def)             Requested size: 412.54652pt x 240.90674pt.
) [116]
Package mdframed Info: Box was splittet wrong
 starting loop to iterate the splitting point
(mdframed)              on input line 748.
 [117 <./Imatges/Cap-Laplace-Exemple3-Circuit.pdf>] [118]
Underfull \vbox (badness 10000) has occurred while \output is active []

 [119 <./Imatges/Cap-Laplace-Exemple3-Corrent.pdf>]
Package mdframed Info: mdframed works in twoside mode on input line 752.

(Imatges/Cap-Laplace-Exemple4-Circuit.pdf_tex
<Imatges/Cap-Laplace-Exemple4-Circuit.pdf, id=4526, page=1, 242.73756pt x 93.36
061pt>
File: Imatges/Cap-Laplace-Exemple4-Circuit.pdf Graphic file (type pdf)
<use Imatges/Cap-Laplace-Exemple4-Circuit.pdf, page 1>
Package pdftex.def Info: Imatges/Cap-Laplace-Exemple4-Circuit.pdf , page1 used 
on input line 56.
(pdftex.def)             Requested size: 242.73756pt x 93.36037pt.
LaTeX Info: Symbol \textmu not provided by
            font family zpltlf in TS1 encoding.
            Default family used instead on input line 57.
)
(Imatges/Cap-Laplace-Exemple4-Tensio.tex
<Imatges/Cap-Laplace-Exemple4-Tensio.pdf, id=4530, 426.59375pt x 270.00874pt>
File: Imatges/Cap-Laplace-Exemple4-Tensio.pdf Graphic file (type pdf)
<use Imatges/Cap-Laplace-Exemple4-Tensio.pdf>
Package pdftex.def Info: Imatges/Cap-Laplace-Exemple4-Tensio.pdf  used on input
 line 139.
(pdftex.def)             Requested size: 426.61873pt x 270.01631pt.
)
<Imatges/HPPrime-CAS.pdf, id=4532, 21.18169pt x 13.62022pt>
File: Imatges/HPPrime-CAS.pdf Graphic file (type pdf)
<use Imatges/HPPrime-CAS.pdf>
Package pdftex.def Info: Imatges/HPPrime-CAS.pdf  used on input line 830.
(pdftex.def)             Requested size: 21.18163pt x 13.62018pt.
<Imatges/HPPrime-Tool.pdf, id=4533, 21.18169pt x 13.62022pt>
File: Imatges/HPPrime-Tool.pdf Graphic file (type pdf)
<use Imatges/HPPrime-Tool.pdf>
Package pdftex.def Info: Imatges/HPPrime-Tool.pdf  used on input line 830.
(pdftex.def)             Requested size: 21.18163pt x 13.62018pt.
<Imatges/Cap-Laplace-HPP1.png, id=4534, 195.129pt x 146.949pt>
File: Imatges/Cap-Laplace-HPP1.png Graphic file (type png)
<use Imatges/Cap-Laplace-HPP1.png>
Package pdftex.def Info: Imatges/Cap-Laplace-HPP1.png  used on input line 832.
(pdftex.def)             Requested size: 195.12851pt x 146.94864pt.
<Imatges/Cap-Laplace-HPP2.png, id=4535, 195.129pt x 146.949pt>
File: Imatges/Cap-Laplace-HPP2.png Graphic file (type png)
<use Imatges/Cap-Laplace-HPP2.png>
Package pdftex.def Info: Imatges/Cap-Laplace-HPP2.png  used on input line 836.
(pdftex.def)             Requested size: 195.12851pt x 146.94864pt.
File: Imatges/HPPrime-Enter.pdf Graphic file (type pdf)
<use Imatges/HPPrime-Enter.pdf>
Package pdftex.def Info: Imatges/HPPrime-Enter.pdf  used on input line 838.
(pdftex.def)             Requested size: 32.49632pt x 13.58588pt.
<Imatges/Cap-Laplace-HPP3.png, id=4536, 195.129pt x 146.949pt>
File: Imatges/Cap-Laplace-HPP3.png Graphic file (type png)
<use Imatges/Cap-Laplace-HPP3.png>
Package pdftex.def Info: Imatges/Cap-Laplace-HPP3.png  used on input line 840.
(pdftex.def)             Requested size: 195.12851pt x 146.94864pt.
<Imatges/Cap-Laplace-HPP4.png, id=4537, 195.129pt x 146.949pt>
File: Imatges/Cap-Laplace-HPP4.png Graphic file (type png)
<use Imatges/Cap-Laplace-HPP4.png>
Package pdftex.def Info: Imatges/Cap-Laplace-HPP4.png  used on input line 844.
(pdftex.def)             Requested size: 195.12851pt x 146.94864pt.
<Imatges/Cap-Laplace-HPP5.png, id=4538, 195.129pt x 146.949pt>
File: Imatges/Cap-Laplace-HPP5.png Graphic file (type png)
<use Imatges/Cap-Laplace-HPP5.png>
Package pdftex.def Info: Imatges/Cap-Laplace-HPP5.png  used on input line 848.
(pdftex.def)             Requested size: 195.12851pt x 146.94864pt.
File: Imatges/HPPrime-Enter.pdf Graphic file (type pdf)
<use Imatges/HPPrime-Enter.pdf>
Package pdftex.def Info: Imatges/HPPrime-Enter.pdf  used on input line 850.
(pdftex.def)             Requested size: 32.49632pt x 13.58588pt.
<Imatges/Cap-Laplace-HPP6.png, id=4539, 195.129pt x 146.949pt>
File: Imatges/Cap-Laplace-HPP6.png Graphic file (type png)
<use Imatges/Cap-Laplace-HPP6.png>
Package pdftex.def Info: Imatges/Cap-Laplace-HPP6.png  used on input line 852.
(pdftex.def)             Requested size: 195.12851pt x 146.94864pt.
File: Imatges/HPPrime-Apps.pdf Graphic file (type pdf)
<use Imatges/HPPrime-Apps.pdf>
Package pdftex.def Info: Imatges/HPPrime-Apps.pdf  used on input line 855.
(pdftex.def)             Requested size: 21.18163pt x 13.62018pt.
<Imatges/Cap-Laplace-HPP7.png, id=4540, 195.129pt x 146.949pt>
File: Imatges/Cap-Laplace-HPP7.png Graphic file (type png)
<use Imatges/Cap-Laplace-HPP7.png>
Package pdftex.def Info: Imatges/Cap-Laplace-HPP7.png  used on input line 857.
(pdftex.def)             Requested size: 195.12851pt x 146.94864pt.
<Imatges/Cap-Laplace-HPP8.png, id=4541, 195.129pt x 146.949pt>
File: Imatges/Cap-Laplace-HPP8.png Graphic file (type png)
<use Imatges/Cap-Laplace-HPP8.png>
Package pdftex.def Info: Imatges/Cap-Laplace-HPP8.png  used on input line 861.
(pdftex.def)             Requested size: 195.12851pt x 146.94864pt.
File: Imatges/HPPrime-Shift.pdf Graphic file (type pdf)
<use Imatges/HPPrime-Shift.pdf>
Package pdftex.def Info: Imatges/HPPrime-Shift.pdf  used on input line 863.
(pdftex.def)             Requested size: 21.18163pt x 13.62018pt.
File: Imatges/HPPrime-Plot.pdf Graphic file (type pdf)
<use Imatges/HPPrime-Plot.pdf>
Package pdftex.def Info: Imatges/HPPrime-Plot.pdf  used on input line 863.
(pdftex.def)             Requested size: 21.18163pt x 13.62018pt.
<Imatges/Cap-Laplace-HPP9.png, id=4542, 195.129pt x 146.949pt>
File: Imatges/Cap-Laplace-HPP9.png Graphic file (type png)
<use Imatges/Cap-Laplace-HPP9.png>
Package pdftex.def Info: Imatges/Cap-Laplace-HPP9.png  used on input line 865.
(pdftex.def)             Requested size: 195.12851pt x 146.94864pt.
File: Imatges/HPPrime-Plot.pdf Graphic file (type pdf)
<use Imatges/HPPrime-Plot.pdf>
Package pdftex.def Info: Imatges/HPPrime-Plot.pdf  used on input line 867.
(pdftex.def)             Requested size: 21.18163pt x 13.62018pt.
<Imatges/Cap-Laplace-HPP10.png, id=4543, 193.9245pt x 145.7445pt>
File: Imatges/Cap-Laplace-HPP10.png Graphic file (type png)
<use Imatges/Cap-Laplace-HPP10.png>
Package pdftex.def Info: Imatges/Cap-Laplace-HPP10.png  used on input line 869.

(pdftex.def)             Requested size: 193.92401pt x 145.74414pt.
Package mdframed Info: Not enough space on this page on input line 873.
Package mdframed Info: Box was splittet wrong
 starting loop to iterate the splitting point
(mdframed)              on input line 873.
 [120 <./Imatges/Cap-Laplace-Exemple4-Circuit.pdf>] [121 <./Imatges/Cap-Laplace
-Exemple4-Tensio.pdf>] [122 <./Imatges/HPPrime-CAS.pdf> <./Imatges/HPPrime-Tool
.pdf> <./Imatges/Cap-Laplace-HPP1.png (PNG copy)> <./Imatges/Cap-Laplace-HPP2.p
ng (PNG copy)> <./Imatges/Cap-Laplace-HPP3.png (PNG copy)>] [123 <./Imatges/Cap
-Laplace-HPP4.png (PNG copy)> <./Imatges/Cap-Laplace-HPP5.png (PNG copy)> <./Im
atges/Cap-Laplace-HPP6.png (PNG copy)>] [124 <./Imatges/Cap-Laplace-HPP7.png (P
NG copy)> <./Imatges/Cap-Laplace-HPP8.png (PNG copy)> <./Imatges/Cap-Laplace-HP
P9.png (PNG copy)>]) [125 <./Imatges/Cap-Laplace-HPP10.png (PNG copy)>] [126



]
File: Imatges/Fons-de-pagina.pdf Graphic file (type pdf)
<use Imatges/Fons-de-pagina.pdf>
Package pdftex.def Info: Imatges/Fons-de-pagina.pdf  used on input line 367.
(pdftex.def)             Requested size: 597.5064pt x 845.08348pt.
 [127]
\openout2 = `Capitols/Cap-Resistencies.aux'.

 (Capitols/Cap-Resistencies.tex
[128


]
Cap\'{\i }tol 6.
LaTeX Font Info:    Trying to load font information for U+fontawesomefree3 on i
nput line 24.

(C:\Users\josep\AppData\Local\Programs\MiKTeX\tex/latex/fontawesome5\ufontaweso
mefree3.fd) [129{C:/Users/josep/AppData/Local/Programs/MiKTeX/fonts/enc/dvips/f
ontawesome5/fa5free3.enc}]
Package mdframed Info: mdframed works in twoside mode on input line 64.
<Imatges/Cap-Resistencies-R1.pdf, id=4620, 45.34657pt x 13.33723pt>
File: Imatges/Cap-Resistencies-R1.pdf Graphic file (type pdf)
<use Imatges/Cap-Resistencies-R1.pdf>
Package pdftex.def Info: Imatges/Cap-Resistencies-R1.pdf  used on input line 71
.
(pdftex.def)             Requested size: 45.34645pt x 13.33719pt.
<Imatges/Cap-Resistencies-R2.pdf, id=4621, 45.34657pt x 13.33723pt>
File: Imatges/Cap-Resistencies-R2.pdf Graphic file (type pdf)
<use Imatges/Cap-Resistencies-R2.pdf>
Package pdftex.def Info: Imatges/Cap-Resistencies-R2.pdf  used on input line 74
.
(pdftex.def)             Requested size: 45.34645pt x 13.33719pt.
<Imatges/Cap-Resistencies-R3.pdf, id=4622, 45.34657pt x 13.33723pt>
File: Imatges/Cap-Resistencies-R3.pdf Graphic file (type pdf)
<use Imatges/Cap-Resistencies-R3.pdf>
Package pdftex.def Info: Imatges/Cap-Resistencies-R3.pdf  used on input line 77
.
(pdftex.def)             Requested size: 45.34645pt x 13.33719pt.
File: Imatges/Cap-Resistencies-R1.pdf Graphic file (type pdf)
<use Imatges/Cap-Resistencies-R1.pdf>
Package pdftex.def Info: Imatges/Cap-Resistencies-R1.pdf  used on input line 10
6.
(pdftex.def)             Requested size: 45.34645pt x 13.33719pt.
File: Imatges/Cap-Resistencies-R2.pdf Graphic file (type pdf)
<use Imatges/Cap-Resistencies-R2.pdf>
Package pdftex.def Info: Imatges/Cap-Resistencies-R2.pdf  used on input line 10
6.
(pdftex.def)             Requested size: 45.34645pt x 13.33719pt.
File: Imatges/Cap-Resistencies-R3.pdf Graphic file (type pdf)
<use Imatges/Cap-Resistencies-R3.pdf>
Package pdftex.def Info: Imatges/Cap-Resistencies-R3.pdf  used on input line 10
6.
(pdftex.def)             Requested size: 45.34645pt x 13.33719pt.
File: Imatges/Cap-Resistencies-R1.pdf Graphic file (type pdf)
<use Imatges/Cap-Resistencies-R1.pdf>
Package pdftex.def Info: Imatges/Cap-Resistencies-R1.pdf  used on input line 10
6.
(pdftex.def)             Requested size: 45.34645pt x 13.33719pt.
File: Imatges/Cap-Resistencies-R2.pdf Graphic file (type pdf)
<use Imatges/Cap-Resistencies-R2.pdf>
Package pdftex.def Info: Imatges/Cap-Resistencies-R2.pdf  used on input line 10
6.
(pdftex.def)             Requested size: 45.34645pt x 13.33719pt.
File: Imatges/Cap-Resistencies-R3.pdf Graphic file (type pdf)
<use Imatges/Cap-Resistencies-R3.pdf>
Package pdftex.def Info: Imatges/Cap-Resistencies-R3.pdf  used on input line 10
6.
(pdftex.def)             Requested size: 45.34645pt x 13.33719pt.
 [130 <./Imatges/Cap-Resistencies-R1.pdf> <./Imatges/Cap-Resistencies-R2.pdf> <
./Imatges/Cap-Resistencies-R3.pdf>] [131]) [132]
\openout2 = `Capitols/Cap-Cables.aux'.


(Capitols/Cap-Cables.tex
Cap\'{\i }tol 7.
[133




] [134] (Imatges/Cap-Cables-Caiguda-Tensio.pdf_tex
<Imatges/Cap-Cables-Caiguda-Tensio.pdf, id=4718, page=1, 293.41902pt x 88.02571
pt>
File: Imatges/Cap-Cables-Caiguda-Tensio.pdf Graphic file (type pdf)
<use Imatges/Cap-Cables-Caiguda-Tensio.pdf, page 1>
Package pdftex.def Info: Imatges/Cap-Cables-Caiguda-Tensio.pdf , page1 used on 
input line 57.
(pdftex.def)             Requested size: 293.41902pt x 88.02817pt.
) [135 <./Imatges/Cap-Cables-Caiguda-Tensio.pdf>]
Package mdframed Info: mdframed works in twoside mode on input line 177.
 [136]
Overfull \vbox (1.86115pt too high) detected at line 253
 []

[137]
Package mdframed Info: mdframed works in twoside mode on input line 263.
LaTeX Font Info:    Font shape `T1/JosefinSans-LF/sb/it' will be
(Font)              scaled to size 12.0pt on input line 276.
 [138] [139] [140{C:/Users/josep/AppData/Local/Programs/MiKTeX/fonts/enc/dvips/
newpx/pxb-lms.enc}]
Capitols/Cap-Cables.tex:483: ignored error: Infinite glue shrinkage found in bo
x being split [141]
Package mdframed Info: mdframed works in twoside mode on input line 499.
LaTeX Font Info:    Trying to load font information for TS1+JosefinSans-LF on i
nput line 508.

(C:\Users\josep\AppData\Local\Programs\MiKTeX\tex/latex/josefin\ts1josefinsans-
lf.fd
File: TS1JosefinSans-LF.fd 2020/09/10 (autoinst) Font definitions for TS1/Josef
inSans-LF.
)
LaTeX Info: Symbol \texttwosuperior not provided by
            font family JosefinSans-LF in TS1 encoding.
            Default family used instead on input line 508.


LaTeX Font Warning: Font shape `T1/cmss/sb/n' undefined
(Font)              using `T1/cmss/m/n' instead on input line 508.


LaTeX Font Warning: Font shape `TS1/cmss/sb/n' undefined
(Font)              using `TS1/cmss/m/n' instead
(Font)              for symbol `texttwosuperior' on input line 508.

Package mdframed Info: mdframed works in twoside mode on input line 527.
LaTeX Info: Symbol \texttwosuperior not provided by
            font family JosefinSans-LF in TS1 encoding.
            Default family used instead on input line 536.
[142]
Package mdframed Info: Not enough space on this page on input line 536.
) [143]
\openout2 = `Capitols/Cap-Trafos-Mes-Prot.aux'.

 (Capitols/Cap-Trafos-Mes-Prot.tex [144




]
Cap\'{\i }tol 8.
(Imatges/Cap-TrafosMesProt-TI-TT.pdf_tex
<Imatges/Cap-TrafosMesProt-TI-TT.pdf, id=4826, page=1, 160.04675pt x 186.7212pt
>
File: Imatges/Cap-TrafosMesProt-TI-TT.pdf Graphic file (type pdf)
<use Imatges/Cap-TrafosMesProt-TI-TT.pdf, page 1>
Package pdftex.def Info: Imatges/Cap-TrafosMesProt-TI-TT.pdf , page1 used on in
put line 56.
(pdftex.def)             Requested size: 160.04674pt x 186.73784pt.
) [145 <./Imatges/Cap-TrafosMesProt-TI-TT.pdf>] [146]
LaTeX Font Info:    Font shape `T1/JosefinSans-LF/sb/n' will be
(Font)              scaled to size 8.0pt on input line 177.
LaTeX Font Info:    Font shape `T1/JosefinSans-LF/sb/n' will be
(Font)              scaled to size 6.1pt on input line 177.
 [147] [148] [149]
Overfull \vbox (3.28378pt too high) detected at line 291
 []


Overfull \vbox (3.28378pt too high) detected at line 292
 []


Overfull \vbox (3.28378pt too high) detected at line 346
 []


Overfull \vbox (3.28378pt too high) detected at line 347
 []

[150] [151] [152]
Overfull \vbox (3.28378pt too high) detected at line 535
 []


Overfull \vbox (3.28378pt too high) detected at line 536
 []

[153]
Overfull \vbox (5.10376pt too high) detected at line 586
 []


Overfull \vbox (5.10376pt too high) detected at line 587
 []

[154]
Overfull \vbox (3.28378pt too high) detected at line 673
 []


Overfull \vbox (3.28378pt too high) detected at line 674
 []


Overfull \vbox (3.28378pt too high) detected at line 676
 []

Package mdframed Info: mdframed works in twoside mode on input line 693.
Missing character: There is no � in font zpl-Regular-tlf-ot1!
Missing character: There is no � in font zpl-Regular-tlf-ot1!
Missing character: There is no � in font zpl-Regular-tlf-ot1!
Missing character: There is no � in font zpl-Regular-tlf-ot1!
Missing character: There is no � in font zpl-Regular-tlf-ot1!
Missing character: There is no � in font zpl-Regular-tlf-ot1!
[155] [156] [157]
Missing character: There is no � in font zpl-Regular-tlf-ot1!
Missing character: There is no � in font zpl-Regular-tlf-ot1!
Missing character: There is no � in font zpl-Regular-tlf-ot1!
Missing character: There is no � in font zpl-Regular-tlf-ot1!
Missing character: There is no � in font zpl-Regular-tlf-ot1!
Missing character: There is no � in font zpl-Regular-tlf-ot1!
[158]
Package mdframed Info: mdframed works in twoside mode on input line 900.
Package mdframed Info: mdframed works in twoside mode on input line 959.
 (Imatges/Cap-TrafosMesProt-Watt.pdf_tex
<Imatges/Cap-TrafosMesProt-Watt.pdf, id=4951, page=1, 354.77031pt x 162.71419pt
>
File: Imatges/Cap-TrafosMesProt-Watt.pdf Graphic file (type pdf)
<use Imatges/Cap-TrafosMesProt-Watt.pdf, page 1>
Package pdftex.def Info: Imatges/Cap-TrafosMesProt-Watt.pdf , page1 used on inp
ut line 56.
(pdftex.def)             Requested size: 354.77028pt x 162.72124pt.
)
(Imatges/Cap-TrafosMesProt-Instal.pdf_tex
<Imatges/Cap-TrafosMesProt-Instal.pdf, id=4952, page=1, 315.82558pt x 176.40709
pt>
File: Imatges/Cap-TrafosMesProt-Instal.pdf Graphic file (type pdf)
<use Imatges/Cap-TrafosMesProt-Instal.pdf, page 1>
Package pdftex.def Info: Imatges/Cap-TrafosMesProt-Instal.pdf , page1 used on i
nput line 56.
(pdftex.def)             Requested size: 315.82559pt x 176.41202pt.
)
(Imatges/Cap-TrafosMesProt-Instal-Watt.pdf_tex
<Imatges/Cap-TrafosMesProt-Instal-Watt.pdf, id=4953, page=1, 314.7586pt x 221.3
98pt>
File: Imatges/Cap-TrafosMesProt-Instal-Watt.pdf Graphic file (type pdf)
<use Imatges/Cap-TrafosMesProt-Instal-Watt.pdf, page 1>
Package pdftex.def Info: Imatges/Cap-TrafosMesProt-Instal-Watt.pdf , page1 used
 on input line 56.
(pdftex.def)             Requested size: 314.7586pt x 221.40082pt.
) [159]
Package mdframed Info: Not enough space on this page on input line 1046.
 [160 <./Imatges/Cap-TrafosMesProt-Watt.pdf> <./Imatges/Cap-TrafosMesProt-Insta
l.pdf>] [161 <./Imatges/Cap-TrafosMesProt-Instal-Watt.pdf>]) [162]
\openout2 = `Capitols/Cap-Trafos-Potencia.aux'.

 (Capitols/Cap-Trafos-Potencia.tex
Cap\'{\i }tol 9.
(Imatges/Cap-TrafosPot-Esq-Equiv.pdf_tex
<Imatges/Cap-TrafosPot-Esq-Equiv.pdf, id=5011, page=1, 386.77966pt x 106.69783p
t>
File: Imatges/Cap-TrafosPot-Esq-Equiv.pdf Graphic file (type pdf)
<use Imatges/Cap-TrafosPot-Esq-Equiv.pdf, page 1>
Package pdftex.def Info: Imatges/Cap-TrafosPot-Esq-Equiv.pdf , page1 used on in
put line 56.
(pdftex.def)             Requested size: 386.77965pt x 106.7057pt.
) [163




 <./Imatges/Cap-TrafosPot-Esq-Equiv.pdf>] [164] [165] (Imatges/Cap-TrafosPot-Es
q-Equiv-Reduit-T.pdf_tex
<Imatges/Cap-TrafosPot-Esq-Equiv-Reduit-T.pdf, id=5050, page=1, 309.4237pt x 96
.02805pt>
File: Imatges/Cap-TrafosPot-Esq-Equiv-Reduit-T.pdf Graphic file (type pdf)
<use Imatges/Cap-TrafosPot-Esq-Equiv-Reduit-T.pdf, page 1>
Package pdftex.def Info: Imatges/Cap-TrafosPot-Esq-Equiv-Reduit-T.pdf , page1 u
sed on input line 56.
(pdftex.def)             Requested size: 309.4237pt x 96.0322pt.
)
[166 <./Imatges/Cap-TrafosPot-Esq-Equiv-Reduit-T.pdf>]
(Imatges/Cap-TrafosPot-Esq-Equiv-Reduit-L.pdf_tex
<Imatges/Cap-TrafosPot-Esq-Equiv-Reduit-L.pdf, id=5065, page=1, 442.796pt x 101
.36293pt>
File: Imatges/Cap-TrafosPot-Esq-Equiv-Reduit-L.pdf Graphic file (type pdf)
<use Imatges/Cap-TrafosPot-Esq-Equiv-Reduit-L.pdf, page 1>
Package pdftex.def Info: Imatges/Cap-TrafosPot-Esq-Equiv-Reduit-L.pdf , page1 u
sed on input line 56.
(pdftex.def)             Requested size: 442.79599pt x 101.36575pt.
)
Overfull \vbox (1.86115pt too high) detected at line 144
 []


Overfull \vbox (1.86115pt too high) detected at line 152
 []

Capitols/Cap-Trafos-Potencia.tex:172: ignored error: Infinite glue shrinkage fo
und in box being split [167 <./Imatges/Cap-TrafosPot-Esq-Equiv-Reduit-L.pdf>]
(Imatges/Cap-TrafosPot-Esq-Equiv-Thevenin.pdf_tex
<Imatges/Cap-TrafosPot-Esq-Equiv-Thevenin.pdf, id=5078, page=1, 448.13087pt x 9
8.6955pt>
File: Imatges/Cap-TrafosPot-Esq-Equiv-Thevenin.pdf Graphic file (type pdf)
<use Imatges/Cap-TrafosPot-Esq-Equiv-Thevenin.pdf, page 1>
Package pdftex.def Info: Imatges/Cap-TrafosPot-Esq-Equiv-Thevenin.pdf , page1 u
sed on input line 56.
(pdftex.def)             Requested size: 448.13089pt x 98.69524pt.
) [168 <./Imatges/Cap-TrafosPot-Esq-Equiv-Thevenin.pdf>] [169] [170]
(Imatges/Cap-TrafosPot-Assaig-Buit-Monofasic.pdf_tex
<Imatges/Cap-TrafosPot-Assaig-Buit-Monofasic.pdf, id=5114, page=1, 266.74457pt 
x 80.02338pt>
File: Imatges/Cap-TrafosPot-Assaig-Buit-Monofasic.pdf Graphic file (type pdf)
<use Imatges/Cap-TrafosPot-Assaig-Buit-Monofasic.pdf, page 1>
Package pdftex.def Info: Imatges/Cap-TrafosPot-Assaig-Buit-Monofasic.pdf , page
1 used on input line 56.
(pdftex.def)             Requested size: 266.74457pt x 80.0305pt.
)
(Imatges/Cap-TrafosPot-Assaig-Buit-Trifasic.pdf_tex
<Imatges/Cap-TrafosPot-Assaig-Buit-Trifasic.pdf, id=5116, page=1, 301.42137pt x
 90.69315pt>
File: Imatges/Cap-TrafosPot-Assaig-Buit-Trifasic.pdf Graphic file (type pdf)
<use Imatges/Cap-TrafosPot-Assaig-Buit-Trifasic.pdf, page 1>
Package pdftex.def Info: Imatges/Cap-TrafosPot-Assaig-Buit-Trifasic.pdf , page1
 used on input line 56.
(pdftex.def)             Requested size: 301.42136pt x 90.69707pt.
)
(Imatges/Cap-TrafosPot-Assaig-CC-Monofasic.pdf_tex
<Imatges/Cap-TrafosPot-Assaig-CC-Monofasic.pdf, id=5118, page=1, 280.08182pt x 
80.02338pt>
File: Imatges/Cap-TrafosPot-Assaig-CC-Monofasic.pdf Graphic file (type pdf)
<use Imatges/Cap-TrafosPot-Assaig-CC-Monofasic.pdf, page 1>
Package pdftex.def Info: Imatges/Cap-TrafosPot-Assaig-CC-Monofasic.pdf , page1 
used on input line 56.
(pdftex.def)             Requested size: 280.0818pt x 80.02806pt.
) [171 <./Imatges/Cap-TrafosPot-Assaig-Buit-Monofasic.pdf> <./Imatges/Cap-Trafo
sPot-Assaig-Buit-Trifasic.pdf>] (Imatges/Cap-TrafosPot-Assaig-CC-Trifasic.pdf_t
ex
<Imatges/Cap-TrafosPot-Assaig-CC-Trifasic.pdf, id=5147, page=1, 320.0935pt x 90
.69315pt>
File: Imatges/Cap-TrafosPot-Assaig-CC-Trifasic.pdf Graphic file (type pdf)
<use Imatges/Cap-TrafosPot-Assaig-CC-Trifasic.pdf, page 1>
Package pdftex.def Info: Imatges/Cap-TrafosPot-Assaig-CC-Trifasic.pdf , page1 u
sed on input line 56.
(pdftex.def)             Requested size: 320.09349pt x 90.70122pt.
)
(Imatges/Cap-TrafosPot-Assaig-Buit-CC-Esq-Equiv.pdf_tex
<Imatges/Cap-TrafosPot-Assaig-Buit-CC-Esq-Equiv.pdf, id=5149, page=1, 442.796pt
 x 101.36293pt>
File: Imatges/Cap-TrafosPot-Assaig-Buit-CC-Esq-Equiv.pdf Graphic file (type pdf
)
<use Imatges/Cap-TrafosPot-Assaig-Buit-CC-Esq-Equiv.pdf, page 1>
Package pdftex.def Info: Imatges/Cap-TrafosPot-Assaig-Buit-CC-Esq-Equiv.pdf , p
age1 used on input line 56.
(pdftex.def)             Requested size: 442.79599pt x 101.36575pt.
) [172 <./Imatges/Cap-TrafosPot-Assaig-CC-Monofasic.pdf> <./Imatges/Cap-TrafosP
ot-Assaig-CC-Trifasic.pdf>] [173 <./Imatges/Cap-TrafosPot-Assaig-Buit-CC-Esq-Eq
uiv.pdf>]
Package mdframed Info: mdframed works in twoside mode on input line 534.

(Imatges/Cap-TrafosPot-Exemple-TR.pdf_tex
<Imatges/Cap-TrafosPot-Exemple-TR.pdf, id=5194, page=1, 293.41902pt x 101.36293
pt>
File: Imatges/Cap-TrafosPot-Exemple-TR.pdf Graphic file (type pdf)
<use Imatges/Cap-TrafosPot-Exemple-TR.pdf, page 1>
Package pdftex.def Info: Imatges/Cap-TrafosPot-Exemple-TR.pdf , page1 used on i
nput line 56.
(pdftex.def)             Requested size: 293.41902pt x 101.36575pt.
) [174] [175 <./Imatges/Cap-TrafosPot-Exemple-TR.pdf>] (Imatges/Cap-TrafosPot-3
-debanats.pdf_tex
<Imatges/Cap-TrafosPot-3-debanats.pdf, id=5211, page=1, 354.77031pt x 106.69783
pt>
File: Imatges/Cap-TrafosPot-3-debanats.pdf Graphic file (type pdf)
<use Imatges/Cap-TrafosPot-3-debanats.pdf, page 1>
Package pdftex.def Info: Imatges/Cap-TrafosPot-3-debanats.pdf , page1 used on i
nput line 56.
(pdftex.def)             Requested size: 354.77028pt x 106.70245pt.
) [176 <./Imatges/Cap-TrafosPot-3-debanats.pdf>]
Package mdframed Info: mdframed works in twoside mode on input line 635.
Package mdframed Info: Box was splittet wrong
 starting loop to iterate the splitting point
(mdframed)              on input line 674.
 [177] [178] [179]
Package mdframed Info: mdframed works in twoside mode on input line 731.

(Imatges/Cap-TrafosPot-Exemple-Yz.pdf_tex
<Imatges/Cap-TrafosPot-Exemple-Yz.pdf, id=5238, page=1, 280.08182pt x 152.04442
pt>
File: Imatges/Cap-TrafosPot-Exemple-Yz.pdf Graphic file (type pdf)
<use Imatges/Cap-TrafosPot-Exemple-Yz.pdf, page 1>
Package pdftex.def Info: Imatges/Cap-TrafosPot-Exemple-Yz.pdf , page1 used on i
nput line 56.
(pdftex.def)             Requested size: 280.0818pt x 152.05331pt.
)
(Imatges/Cap-TrafosPot-Exemple-Dy.pdf_tex
<Imatges/Cap-TrafosPot-Exemple-Dy.pdf, id=5239, page=1, 226.7329pt x 162.71419p
t>
File: Imatges/Cap-TrafosPot-Exemple-Dy.pdf Graphic file (type pdf)
<use Imatges/Cap-TrafosPot-Exemple-Dy.pdf, page 1>
Package pdftex.def Info: Imatges/Cap-TrafosPot-Exemple-Dy.pdf , page1 used on i
nput line 56.
(pdftex.def)             Requested size: 226.73288pt x 162.72371pt.
)
Package mdframed Info: Box was splittet wrong
 starting loop to iterate the splitting point
(mdframed)              on input line 751.
 [180 <./Imatges/Cap-TrafosPot-Exemple-Yz.pdf>] (Imatges/Cap-TrafosPot-Esq-Equi
v-Complex.pdf_tex
<Imatges/Cap-TrafosPot-Esq-Equiv-Complex.pdf, id=5280, page=1, 386.77966pt x 10
6.69783pt>
File: Imatges/Cap-TrafosPot-Esq-Equiv-Complex.pdf Graphic file (type pdf)
<use Imatges/Cap-TrafosPot-Esq-Equiv-Complex.pdf, page 1>
Package pdftex.def Info: Imatges/Cap-TrafosPot-Esq-Equiv-Complex.pdf , page1 us
ed on input line 56.
(pdftex.def)             Requested size: 386.77965pt x 106.7057pt.
) [181 <./Imatges/Cap-TrafosPot-Exemple-Dy.pdf> <./Imatges/Cap-TrafosPot-Esq-Eq
uiv-Complex.pdf>]
(Imatges/Cap-TrafosPot-Esq-Equiv-Reduit-T-Complex.pdf_tex
<Imatges/Cap-TrafosPot-Esq-Equiv-Reduit-T-Complex.pdf, id=5318, page=1, 416.121
55pt x 104.03038pt>
File: Imatges/Cap-TrafosPot-Esq-Equiv-Reduit-T-Complex.pdf Graphic file (type p
df)
<use Imatges/Cap-TrafosPot-Esq-Equiv-Reduit-T-Complex.pdf, page 1>
Package pdftex.def Info: Imatges/Cap-TrafosPot-Esq-Equiv-Reduit-T-Complex.pdf ,
 page1 used on input line 56.
(pdftex.def)             Requested size: 416.12155pt x 104.03645pt.
) [182 <./Imatges/Cap-TrafosPot-Esq-Equiv-Reduit-T-Complex.pdf>]
(Imatges/Cap-TrafosPot-Hom-YNyn.pdf_tex
<Imatges/Cap-TrafosPot-Hom-YNyn.pdf, id=5339, page=1, 320.0935pt x 98.6955pt>
File: Imatges/Cap-TrafosPot-Hom-YNyn.pdf Graphic file (type pdf)
<use Imatges/Cap-TrafosPot-Hom-YNyn.pdf, page 1>
Package pdftex.def Info: Imatges/Cap-TrafosPot-Hom-YNyn.pdf , page1 used on inp
ut line 56.
(pdftex.def)             Requested size: 320.09349pt x 98.70427pt.
) (Imatges/Cap-TrafosPot-Hom-YNy.pdf_tex
<Imatges/Cap-TrafosPot-Hom-YNy.pdf, id=5340, page=1, 320.0935pt x 98.6955pt>
File: Imatges/Cap-TrafosPot-Hom-YNy.pdf Graphic file (type pdf)
<use Imatges/Cap-TrafosPot-Hom-YNy.pdf, page 1>
Package pdftex.def Info: Imatges/Cap-TrafosPot-Hom-YNy.pdf , page1 used on inpu
t line 56.
(pdftex.def)             Requested size: 320.09349pt x 98.70427pt.
<Imatges/Cap-TrafosPot-Hom-YNy.pdf, id=5341, page=2, 320.0935pt x 98.6955pt>
File: Imatges/Cap-TrafosPot-Hom-YNy.pdf Graphic file (type pdf)
<use Imatges/Cap-TrafosPot-Hom-YNy.pdf, page 2>
Package pdftex.def Info: Imatges/Cap-TrafosPot-Hom-YNy.pdf , page2 used on inpu
t line 67.
(pdftex.def)             Requested size: 320.09349pt x 98.70427pt.
) (Imatges/Cap-TrafosPot-Hom-Yyn.pdf_tex
<Imatges/Cap-TrafosPot-Hom-Yyn.pdf, id=5342, page=1, 320.0935pt x 98.6955pt>
File: Imatges/Cap-TrafosPot-Hom-Yyn.pdf Graphic file (type pdf)
<use Imatges/Cap-TrafosPot-Hom-Yyn.pdf, page 1>
Package pdftex.def Info: Imatges/Cap-TrafosPot-Hom-Yyn.pdf , page1 used on inpu
t line 56.
(pdftex.def)             Requested size: 320.09349pt x 98.70427pt.
<Imatges/Cap-TrafosPot-Hom-Yyn.pdf, id=5343, page=2, 320.0935pt x 98.6955pt>
File: Imatges/Cap-TrafosPot-Hom-Yyn.pdf Graphic file (type pdf)
<use Imatges/Cap-TrafosPot-Hom-Yyn.pdf, page 2>
Package pdftex.def Info: Imatges/Cap-TrafosPot-Hom-Yyn.pdf , page2 used on inpu
t line 77.
(pdftex.def)             Requested size: 320.09349pt x 98.70427pt.
) (Imatges/Cap-TrafosPot-Hom-Yy.pdf_tex
<Imatges/Cap-TrafosPot-Hom-Yy.pdf, id=5344, page=1, 320.0935pt x 56.01636pt>
File: Imatges/Cap-TrafosPot-Hom-Yy.pdf Graphic file (type pdf)
<use Imatges/Cap-TrafosPot-Hom-Yy.pdf, page 1>
Package pdftex.def Info: Imatges/Cap-TrafosPot-Hom-Yy.pdf , page1 used on input
 line 56.
(pdftex.def)             Requested size: 320.09349pt x 56.02133pt.
) (Imatges/Cap-TrafosPot-Hom-Dd.pdf_tex
<Imatges/Cap-TrafosPot-Hom-Dd.pdf, id=5345, page=1, 320.0935pt x 56.01636pt>
File: Imatges/Cap-TrafosPot-Hom-Dd.pdf Graphic file (type pdf)
<use Imatges/Cap-TrafosPot-Hom-Dd.pdf, page 1>
Package pdftex.def Info: Imatges/Cap-TrafosPot-Hom-Dd.pdf , page1 used on input
 line 56.
(pdftex.def)             Requested size: 320.09349pt x 56.02133pt.
) [183 <./Imatges/Cap-TrafosPot-Hom-YNyn.pdf> <./Imatges/Cap-TrafosPot-Hom-YNy.
pdf> <./Imatges/Cap-TrafosPot-Hom-YNy.pdf> <./Imatges/Cap-TrafosPot-Hom-Yyn.pdf
> <./Imatges/Cap-TrafosPot-Hom-Yyn.pdf> <./Imatges/Cap-TrafosPot-Hom-Yy.pdf>] (
Imatges/Cap-TrafosPot-Hom-Yd.pdf_tex
<Imatges/Cap-TrafosPot-Hom-Yd.pdf, id=5356, page=1, 320.0935pt x 56.01636pt>
File: Imatges/Cap-TrafosPot-Hom-Yd.pdf Graphic file (type pdf)
<use Imatges/Cap-TrafosPot-Hom-Yd.pdf, page 1>
Package pdftex.def Info: Imatges/Cap-TrafosPot-Hom-Yd.pdf , page1 used on input
 line 56.
(pdftex.def)             Requested size: 320.09349pt x 56.02133pt.
)
(Imatges/Cap-TrafosPot-Hom-Dy.pdf_tex
<Imatges/Cap-TrafosPot-Hom-Dy.pdf, id=5357, page=1, 320.0935pt x 56.01636pt>
File: Imatges/Cap-TrafosPot-Hom-Dy.pdf Graphic file (type pdf)
<use Imatges/Cap-TrafosPot-Hom-Dy.pdf, page 1>
Package pdftex.def Info: Imatges/Cap-TrafosPot-Hom-Dy.pdf , page1 used on input
 line 56.
(pdftex.def)             Requested size: 320.09349pt x 56.02133pt.
) (Imatges/Cap-TrafosPot-Hom-YNd.pdf_tex
<Imatges/Cap-TrafosPot-Hom-YNd.pdf, id=5358, page=1, 320.0935pt x 98.6955pt>
File: Imatges/Cap-TrafosPot-Hom-YNd.pdf Graphic file (type pdf)
<use Imatges/Cap-TrafosPot-Hom-YNd.pdf, page 1>
Package pdftex.def Info: Imatges/Cap-TrafosPot-Hom-YNd.pdf , page1 used on inpu
t line 56.
(pdftex.def)             Requested size: 320.09349pt x 98.70427pt.
)
(Imatges/Cap-TrafosPot-Hom-Dyn.pdf_tex
<Imatges/Cap-TrafosPot-Hom-Dyn.pdf, id=5359, page=1, 320.0935pt x 98.6955pt>
File: Imatges/Cap-TrafosPot-Hom-Dyn.pdf Graphic file (type pdf)
<use Imatges/Cap-TrafosPot-Hom-Dyn.pdf, page 1>
Package pdftex.def Info: Imatges/Cap-TrafosPot-Hom-Dyn.pdf , page1 used on inpu
t line 56.
(pdftex.def)             Requested size: 320.09349pt x 98.70427pt.
) [184 <./Imatges/Cap-TrafosPot-Hom-Dd.pdf> <./Imatges/Cap-TrafosPot-Hom-Yd.pdf
> <./Imatges/Cap-TrafosPot-Hom-Dy.pdf> <./Imatges/Cap-TrafosPot-Hom-YNd.pdf> <.
/Imatges/Cap-TrafosPot-Hom-Dyn.pdf>]
(Imatges/Cap-TrafosPot-Hom-Dyny.pdf_tex
<Imatges/Cap-TrafosPot-Hom-Dyny.pdf, id=5373, page=1, 373.44241pt x 138.70718pt
>
File: Imatges/Cap-TrafosPot-Hom-Dyny.pdf Graphic file (type pdf)
<use Imatges/Cap-TrafosPot-Hom-Dyny.pdf, page 1>
Package pdftex.def Info: Imatges/Cap-TrafosPot-Hom-Dyny.pdf , page1 used on inp
ut line 56.
(pdftex.def)             Requested size: 373.44241pt x 138.70683pt.
) [185 <./Imatges/Cap-TrafosPot-Hom-Dyny.pdf>]
Package mdframed Info: mdframed works in twoside mode on input line 944.
 (Imatges/Cap-TrafosPot-Exemple-IccFN-Dyn.pdf_tex
<Imatges/Cap-TrafosPot-Exemple-IccFN-Dyn.pdf, id=5402, page=1, 256.0748pt x 85.
35826pt>
File: Imatges/Cap-TrafosPot-Exemple-IccFN-Dyn.pdf Graphic file (type pdf)
<use Imatges/Cap-TrafosPot-Exemple-IccFN-Dyn.pdf, page 1>
Package pdftex.def Info: Imatges/Cap-TrafosPot-Exemple-IccFN-Dyn.pdf , page1 us
ed on input line 56.
(pdftex.def)             Requested size: 256.07478pt x 85.36195pt.
<Imatges/Cap-TrafosPot-Exemple-IccFN-Dyn.pdf, id=5403, page=2, 256.0748pt x 85.
35826pt>
File: Imatges/Cap-TrafosPot-Exemple-IccFN-Dyn.pdf Graphic file (type pdf)
<use Imatges/Cap-TrafosPot-Exemple-IccFN-Dyn.pdf, page 2>
Package pdftex.def Info: Imatges/Cap-TrafosPot-Exemple-IccFN-Dyn.pdf , page2 us
ed on input line 65.
(pdftex.def)             Requested size: 256.07478pt x 85.36195pt.
)
(Imatges/Cap-TrafosPot-Exemple-IccFF-Dyn.pdf_tex
<Imatges/Cap-TrafosPot-Exemple-IccFF-Dyn.pdf, id=5411, page=1, 256.0748pt x 85.
35826pt>
File: Imatges/Cap-TrafosPot-Exemple-IccFF-Dyn.pdf Graphic file (type pdf)
<use Imatges/Cap-TrafosPot-Exemple-IccFF-Dyn.pdf, page 1>
Package pdftex.def Info: Imatges/Cap-TrafosPot-Exemple-IccFF-Dyn.pdf , page1 us
ed on input line 56.
(pdftex.def)             Requested size: 256.07478pt x 85.36195pt.
<Imatges/Cap-TrafosPot-Exemple-IccFF-Dyn.pdf, id=5412, page=2, 256.0748pt x 85.
35826pt>
File: Imatges/Cap-TrafosPot-Exemple-IccFF-Dyn.pdf Graphic file (type pdf)
<use Imatges/Cap-TrafosPot-Exemple-IccFF-Dyn.pdf, page 2>
Package pdftex.def Info: Imatges/Cap-TrafosPot-Exemple-IccFF-Dyn.pdf , page2 us
ed on input line 64.
(pdftex.def)             Requested size: 256.07478pt x 85.36195pt.
)
(Imatges/Cap-TrafosPot-Exemple-IccFN-YNyn.pdf_tex
<Imatges/Cap-TrafosPot-Exemple-IccFN-YNyn.pdf, id=5420, page=1, 256.0748pt x 85
.35826pt>
File: Imatges/Cap-TrafosPot-Exemple-IccFN-YNyn.pdf Graphic file (type pdf)
<use Imatges/Cap-TrafosPot-Exemple-IccFN-YNyn.pdf, page 1>
Package pdftex.def Info: Imatges/Cap-TrafosPot-Exemple-IccFN-YNyn.pdf , page1 u
sed on input line 56.
(pdftex.def)             Requested size: 256.07478pt x 85.36195pt.
<Imatges/Cap-TrafosPot-Exemple-IccFN-YNyn.pdf, id=5421, page=2, 256.0748pt x 85
.35826pt>
File: Imatges/Cap-TrafosPot-Exemple-IccFN-YNyn.pdf Graphic file (type pdf)
<use Imatges/Cap-TrafosPot-Exemple-IccFN-YNyn.pdf, page 2>
Package pdftex.def Info: Imatges/Cap-TrafosPot-Exemple-IccFN-YNyn.pdf , page2 u
sed on input line 63.
(pdftex.def)             Requested size: 256.07478pt x 85.36195pt.
<Imatges/Cap-TrafosPot-Exemple-IccFN-YNyn.pdf, id=5422, page=3, 256.0748pt x 85
.35826pt>
File: Imatges/Cap-TrafosPot-Exemple-IccFN-YNyn.pdf Graphic file (type pdf)
<use Imatges/Cap-TrafosPot-Exemple-IccFN-YNyn.pdf, page 3>
Package pdftex.def Info: Imatges/Cap-TrafosPot-Exemple-IccFN-YNyn.pdf , page3 u
sed on input line 65.
(pdftex.def)             Requested size: 256.07478pt x 85.36195pt.
)
(Imatges/Cap-TrafosPot-Exemple-IccFF-YNyn.pdf_tex
<Imatges/Cap-TrafosPot-Exemple-IccFF-YNyn.pdf, id=5431, page=1, 256.0748pt x 85
.35826pt>
File: Imatges/Cap-TrafosPot-Exemple-IccFF-YNyn.pdf Graphic file (type pdf)
<use Imatges/Cap-TrafosPot-Exemple-IccFF-YNyn.pdf, page 1>
Package pdftex.def Info: Imatges/Cap-TrafosPot-Exemple-IccFF-YNyn.pdf , page1 u
sed on input line 56.
(pdftex.def)             Requested size: 256.07478pt x 85.36195pt.
<Imatges/Cap-TrafosPot-Exemple-IccFF-YNyn.pdf, id=5432, page=2, 256.0748pt x 85
.35826pt>
File: Imatges/Cap-TrafosPot-Exemple-IccFF-YNyn.pdf Graphic file (type pdf)
<use Imatges/Cap-TrafosPot-Exemple-IccFF-YNyn.pdf, page 2>
Package pdftex.def Info: Imatges/Cap-TrafosPot-Exemple-IccFF-YNyn.pdf , page2 u
sed on input line 64.
(pdftex.def)             Requested size: 256.07478pt x 85.36195pt.
) [186]
Package mdframed Info: Box was splittet wrong
 starting loop to iterate the splitting point
(mdframed)              on input line 1164.
 [187 <./Imatges/Cap-TrafosPot-Exemple-IccFN-Dyn.pdf> <./Imatges/Cap-TrafosPot-
Exemple-IccFN-Dyn.pdf>] [188 <./Imatges/Cap-TrafosPot-Exemple-IccFF-Dyn.pdf> <.
/Imatges/Cap-TrafosPot-Exemple-IccFF-Dyn.pdf>]
Package mdframed Info: Box was splittet wrong
 starting loop to iterate the splitting point
(mdframed)              on input line 1164.
 [189 <./Imatges/Cap-TrafosPot-Exemple-IccFN-YNyn.pdf> <./Imatges/Cap-TrafosPot
-Exemple-IccFN-YNyn.pdf> <./Imatges/Cap-TrafosPot-Exemple-IccFN-YNyn.pdf>] [190
] [191 <./Imatges/Cap-TrafosPot-Exemple-IccFF-YNyn.pdf> <./Imatges/Cap-TrafosPo
t-Exemple-IccFF-YNyn.pdf>] [192]
Package mdframed Info: mdframed works in twoside mode on input line 1207.

(Imatges/Cap-TrafosPot-Exemple-TR-parallel.pdf_tex
<Imatges/Cap-TrafosPot-Exemple-TR-parallel.pdf, id=5489, page=1, 386.77966pt x 
232.06778pt>
File: Imatges/Cap-TrafosPot-Exemple-TR-parallel.pdf Graphic file (type pdf)
<use Imatges/Cap-TrafosPot-Exemple-TR-parallel.pdf, page 1>
Package pdftex.def Info: Imatges/Cap-TrafosPot-Exemple-TR-parallel.pdf , page1 
used on input line 56.
(pdftex.def)             Requested size: 386.77965pt x 232.0849pt.
<Imatges/Cap-TrafosPot-Exemple-TR-parallel.pdf, id=5490, page=2, 386.77966pt x 
232.06778pt>
File: Imatges/Cap-TrafosPot-Exemple-TR-parallel.pdf Graphic file (type pdf)
<use Imatges/Cap-TrafosPot-Exemple-TR-parallel.pdf, page 2>
Package pdftex.def Info: Imatges/Cap-TrafosPot-Exemple-TR-parallel.pdf , page2 
used on input line 105.
(pdftex.def)             Requested size: 386.77965pt x 232.0849pt.
) [193 <./Imatges/Cap-TrafosPot-Exemple-TR-parallel.pdf> <./Imatges/Cap-TrafosP
ot-Exemple-TR-parallel.pdf>]
LaTeX Font Info:    Font shape `T1/JosefinSans-LF/sb/it' will be
(Font)              scaled to size 14.4pt on input line 1247.

[194] [195]) [196]
\openout2 = `Capitols/Cap-Motors-Induccio.aux'.

 (Capitols/Cap-Motors-Induccio.tex
Cap\'{\i }tol 10.
[197




] [198] [199] [200]
Package mdframed Info: mdframed works in twoside mode on input line 240.
 [201] [202]
Package mdframed Info: mdframed works in twoside mode on input line 328.
 [203] [204]
(Imatges/Cap-Motors-Induccio-T-vel-Mot-Load.pdf_tex
<Imatges/Cap-Motors-Induccio-T-vel-Mot-Load.pdf, id=5664, page=1, 335.74252pt x
 184.94292pt>
File: Imatges/Cap-Motors-Induccio-T-vel-Mot-Load.pdf Graphic file (type pdf)
<use Imatges/Cap-Motors-Induccio-T-vel-Mot-Load.pdf, page 1>
Package pdftex.def Info: Imatges/Cap-Motors-Induccio-T-vel-Mot-Load.pdf , page1
 used on input line 56.
(pdftex.def)             Requested size: 335.74251pt x 184.95372pt.
) [205 <./Imatges/Cap-Motors-Induccio-T-vel-Mot-Load.pdf>]
Package mdframed Info: mdframed works in twoside mode on input line 440.
Package mdframed Info: Box was splittet wrong
 starting loop to iterate the splitting point
(mdframed)              on input line 549.
 [206] [207]
(Imatges/Cap-Motors-Induccio-Esq-Equiv.pdf_tex
<Imatges/Cap-Motors-Induccio-Esq-Equiv.pdf, id=5715, page=1, 304.4445pt x 106.6
9783pt>
File: Imatges/Cap-Motors-Induccio-Esq-Equiv.pdf Graphic file (type pdf)
<use Imatges/Cap-Motors-Induccio-Esq-Equiv.pdf, page 1>
Package pdftex.def Info: Imatges/Cap-Motors-Induccio-Esq-Equiv.pdf , page1 used
 on input line 56.
(pdftex.def)             Requested size: 304.44447pt x 106.69919pt.
) [208 <./Imatges/Cap-Motors-Induccio-Esq-Equiv.pdf>] [209] [210] [211] [212]
Package mdframed Info: mdframed works in twoside mode on input line 769.

(Imatges/Cap-Motors-Induccio-CaractMotor-1.tex
<Imatges/Cap-Motors-Induccio-CaractMotor-1.pdf, id=5810, 468.75125pt x 284.0612
5pt>
File: Imatges/Cap-Motors-Induccio-CaractMotor-1.pdf Graphic file (type pdf)
<use Imatges/Cap-Motors-Induccio-CaractMotor-1.pdf>
Package pdftex.def Info: Imatges/Cap-Motors-Induccio-CaractMotor-1.pdf  used on
 input line 210.
(pdftex.def)             Requested size: 468.75009pt x 284.06053pt.
LaTeX Font Info:    Font shape `OT1/minzpl/m/n' will be
(Font)              scaled to size 10.0pt on input line 211.
LaTeX Font Info:    Font shape `OML/npxmi/m/it' will be
(Font)              scaled to size 10.0pt on input line 211.
LaTeX Font Info:    Font shape `LMS/npxsy/m/n' will be
(Font)              scaled to size 10.0pt on input line 211.
LaTeX Font Info:    Font shape `LMX/npxexx/m/n' will be
(Font)              scaled to size 10.0pt on input line 211.
LaTeX Font Info:    Font shape `T1/npxtt/m/n' will be
(Font)              scaled to size 10.0pt on input line 211.
LaTeX Font Info:    Font shape `U/npxmia/m/it' will be
(Font)              scaled to size 10.0pt on input line 211.
LaTeX Font Info:    Font shape `U/npxsym/m/n' will be
(Font)              scaled to size 10.0pt on input line 211.
LaTeX Font Info:    Font shape `U/npxsyc/m/n' will be
(Font)              scaled to size 10.0pt on input line 211.
LaTeX Font Info:    Font shape `U/npxexa/m/n' will be
(Font)              scaled to size 10.0pt on input line 211.
LaTeX Font Info:    Font shape `U/zeur/m/n' will be
(Font)              scaled to size 10.0pt on input line 211.
LaTeX Font Info:    Font shape `U/zeus/m/n' will be
(Font)              scaled to size 10.0pt on input line 211.
)
(Imatges/Cap-Motors-Induccio-CaractMotor-2.tex
<Imatges/Cap-Motors-Induccio-CaractMotor-2.pdf, id=5816, 468.75125pt x 284.0612
5pt>
File: Imatges/Cap-Motors-Induccio-CaractMotor-2.pdf Graphic file (type pdf)
<use Imatges/Cap-Motors-Induccio-CaractMotor-2.pdf>
Package pdftex.def Info: Imatges/Cap-Motors-Induccio-CaractMotor-2.pdf  used on
 input line 166.
(pdftex.def)             Requested size: 468.75009pt x 284.06053pt.
)
(Imatges/Cap-Motors-Induccio-CaractMotor-3.tex
<Imatges/Cap-Motors-Induccio-CaractMotor-3.pdf, id=5817, 468.75125pt x 284.0612
5pt>
File: Imatges/Cap-Motors-Induccio-CaractMotor-3.pdf Graphic file (type pdf)
<use Imatges/Cap-Motors-Induccio-CaractMotor-3.pdf>
Package pdftex.def Info: Imatges/Cap-Motors-Induccio-CaractMotor-3.pdf  used on
 input line 164.
(pdftex.def)             Requested size: 468.75009pt x 284.06053pt.
) [213] [214] [215] [216 <./Imatges/Cap-Motors-Induccio-CaractMotor-1.pdf> <./I
matges/Cap-Motors-Induccio-CaractMotor-2.pdf>] (Imatges/Cap-Motors-Induccio-Esq
-Equiv-Seq-Neg.pdf_tex
<Imatges/Cap-Motors-Induccio-Esq-Equiv-Seq-Neg.pdf, id=5847, page=1, 304.4445pt
 x 106.69783pt>
File: Imatges/Cap-Motors-Induccio-Esq-Equiv-Seq-Neg.pdf Graphic file (type pdf)

<use Imatges/Cap-Motors-Induccio-Esq-Equiv-Seq-Neg.pdf, page 1>
Package pdftex.def Info: Imatges/Cap-Motors-Induccio-Esq-Equiv-Seq-Neg.pdf , pa
ge1 used on input line 56.
(pdftex.def)             Requested size: 304.44447pt x 106.69919pt.
) [217 <./Imatges/Cap-Motors-Induccio-CaractMotor-3.pdf> <./Imatges/Cap-Motors-
Induccio-Esq-Equiv-Seq-Neg.pdf>]
Package mdframed Info: mdframed works in twoside mode on input line 921.
 [218]
Package mdframed Info: Not enough space on this page on input line 1008.
Package mdframed Info: Box was splittet wrong
 starting loop to iterate the splitting point
(mdframed)              on input line 1008.
 [219] [220]
Package mdframed Info: mdframed works in twoside mode on input line 1042.

(Imatges/Cap-Motors-Induccio-MotCarregaReduida-1.tex
<Imatges/Cap-Motors-Induccio-MotCarregaReduida-1.pdf, id=5919, 468.75125pt x 28
4.06125pt>
File: Imatges/Cap-Motors-Induccio-MotCarregaReduida-1.pdf Graphic file (type pd
f)
<use Imatges/Cap-Motors-Induccio-MotCarregaReduida-1.pdf>
Package pdftex.def Info: Imatges/Cap-Motors-Induccio-MotCarregaReduida-1.pdf  u
sed on input line 176.
(pdftex.def)             Requested size: 468.75009pt x 284.06053pt.
)
(Imatges/Cap-Motors-Induccio-MotCarregaReduida-2.tex
<Imatges/Cap-Motors-Induccio-MotCarregaReduida-2.pdf, id=5920, 468.75125pt x 28
4.06125pt>
File: Imatges/Cap-Motors-Induccio-MotCarregaReduida-2.pdf Graphic file (type pd
f)
<use Imatges/Cap-Motors-Induccio-MotCarregaReduida-2.pdf>
Package pdftex.def Info: Imatges/Cap-Motors-Induccio-MotCarregaReduida-2.pdf  u
sed on input line 154.
(pdftex.def)             Requested size: 468.75009pt x 284.06053pt.
)
Package mdframed Info: Box was splittet wrong
 starting loop to iterate the splitting point
(mdframed)              on input line 1092.
 [221] [222 <./Imatges/Cap-Motors-Induccio-MotCarregaReduida-1.pdf>]
Package mdframed Info: mdframed works in twoside mode on input line 1103.

(Imatges/Cap-Motors-Induccio-MotTensRedSolAp-1.tex
<Imatges/Cap-Motors-Induccio-MotTensRedSolAp-1.pdf, id=5954, 468.75125pt x 284.
06125pt>
File: Imatges/Cap-Motors-Induccio-MotTensRedSolAp-1.pdf Graphic file (type pdf)

<use Imatges/Cap-Motors-Induccio-MotTensRedSolAp-1.pdf>
Package pdftex.def Info: Imatges/Cap-Motors-Induccio-MotTensRedSolAp-1.pdf  use
d on input line 154.
(pdftex.def)             Requested size: 468.75009pt x 284.06053pt.
)
(Imatges/Cap-Motors-Induccio-MotTensRedSolAp-2.tex
<Imatges/Cap-Motors-Induccio-MotTensRedSolAp-2.pdf, id=5955, 468.75125pt x 284.
06125pt>
File: Imatges/Cap-Motors-Induccio-MotTensRedSolAp-2.pdf Graphic file (type pdf)

<use Imatges/Cap-Motors-Induccio-MotTensRedSolAp-2.pdf>
Package pdftex.def Info: Imatges/Cap-Motors-Induccio-MotTensRedSolAp-2.pdf  use
d on input line 138.
(pdftex.def)             Requested size: 468.75009pt x 284.06053pt.
) [223 <./Imatges/Cap-Motors-Induccio-MotCarregaReduida-2.pdf>] [224]
Underfull \vbox (badness 10000) has occurred while \output is active []

 [225 <./Imatges/Cap-Motors-Induccio-MotTensRedSolAp-1.pdf> <./Imatges/Cap-Moto
rs-Induccio-MotTensRedSolAp-2.pdf>]
Package mdframed Info: mdframed works in twoside mode on input line 1197.
 (Imatges/Cap-Motors-Induccio-MotTensRedSolEx-1-1.tex
<Imatges/Cap-Motors-Induccio-MotTensRedSolEx-1-1.pdf, id=5993, 468.75125pt x 28
4.06125pt>
File: Imatges/Cap-Motors-Induccio-MotTensRedSolEx-1-1.pdf Graphic file (type pd
f)
<use Imatges/Cap-Motors-Induccio-MotTensRedSolEx-1-1.pdf>
Package pdftex.def Info: Imatges/Cap-Motors-Induccio-MotTensRedSolEx-1-1.pdf  u
sed on input line 206.
(pdftex.def)             Requested size: 468.75009pt x 284.06053pt.
)
(Imatges/Cap-Motors-Induccio-MotTensRedSolEx-1-2.tex
<Imatges/Cap-Motors-Induccio-MotTensRedSolEx-1-2.pdf, id=5994, 468.75125pt x 28
4.06125pt>
File: Imatges/Cap-Motors-Induccio-MotTensRedSolEx-1-2.pdf Graphic file (type pd
f)
<use Imatges/Cap-Motors-Induccio-MotTensRedSolEx-1-2.pdf>
Package pdftex.def Info: Imatges/Cap-Motors-Induccio-MotTensRedSolEx-1-2.pdf  u
sed on input line 176.
(pdftex.def)             Requested size: 468.75009pt x 284.06053pt.
)
(Imatges/Cap-Motors-Induccio-MotTensRedSolEx-2-1.tex
<Imatges/Cap-Motors-Induccio-MotTensRedSolEx-2-1.pdf, id=5995, 468.75125pt x 28
4.06125pt>
File: Imatges/Cap-Motors-Induccio-MotTensRedSolEx-2-1.pdf Graphic file (type pd
f)
<use Imatges/Cap-Motors-Induccio-MotTensRedSolEx-2-1.pdf>
Package pdftex.def Info: Imatges/Cap-Motors-Induccio-MotTensRedSolEx-2-1.pdf  u
sed on input line 140.
(pdftex.def)             Requested size: 468.75009pt x 284.06053pt.
)
(Imatges/Cap-Motors-Induccio-MotTensRedSolEx-2-2.tex
<Imatges/Cap-Motors-Induccio-MotTensRedSolEx-2-2.pdf, id=5996, 468.75125pt x 28
4.06125pt>
File: Imatges/Cap-Motors-Induccio-MotTensRedSolEx-2-2.pdf Graphic file (type pd
f)
<use Imatges/Cap-Motors-Induccio-MotTensRedSolEx-2-2.pdf>
Package pdftex.def Info: Imatges/Cap-Motors-Induccio-MotTensRedSolEx-2-2.pdf  u
sed on input line 126.
(pdftex.def)             Requested size: 468.75009pt x 284.06053pt.
) [226]
Package mdframed Info: Not enough space on this page on input line 1288.
 [227] [228 <./Imatges/Cap-Motors-Induccio-MotTensRedSolEx-1-1.pdf>] [229 <./Im
atges/Cap-Motors-Induccio-MotTensRedSolEx-1-2.pdf> <./Imatges/Cap-Motors-Inducc
io-MotTensRedSolEx-2-1.pdf>] [230 <./Imatges/Cap-Motors-Induccio-MotTensRedSolE
x-2-2.pdf>]
(Imatges/Cap-Motors-Induccio-Esq-Equiv-U-Sist.pdf_tex
<Imatges/Cap-Motors-Induccio-Esq-Equiv-U-Sist.pdf, id=6038, page=1, 221.93149pt
 x 71.1319pt>
File: Imatges/Cap-Motors-Induccio-Esq-Equiv-U-Sist.pdf Graphic file (type pdf)
<use Imatges/Cap-Motors-Induccio-Esq-Equiv-U-Sist.pdf, page 1>
Package pdftex.def Info: Imatges/Cap-Motors-Induccio-Esq-Equiv-U-Sist.pdf , pag
e1 used on input line 56.
(pdftex.def)             Requested size: 221.93149pt x 71.13388pt.
)
Package mdframed Info: mdframed works in twoside mode on input line 1354.

(Imatges/Cap-Motors-Induccio-MotTensRedIarr-1.tex
<Imatges/Cap-Motors-Induccio-MotTensRedIarr-1.pdf, id=6059, 468.75125pt x 284.0
6125pt>
File: Imatges/Cap-Motors-Induccio-MotTensRedIarr-1.pdf Graphic file (type pdf)
<use Imatges/Cap-Motors-Induccio-MotTensRedIarr-1.pdf>
Package pdftex.def Info: Imatges/Cap-Motors-Induccio-MotTensRedIarr-1.pdf  used
 on input line 212.
(pdftex.def)             Requested size: 468.75009pt x 284.06053pt.
)
(Imatges/Cap-Motors-Induccio-MotTensRedIarr-2.tex
<Imatges/Cap-Motors-Induccio-MotTensRedIarr-2.pdf, id=6060, 468.75125pt x 284.0
6125pt>
File: Imatges/Cap-Motors-Induccio-MotTensRedIarr-2.pdf Graphic file (type pdf)
<use Imatges/Cap-Motors-Induccio-MotTensRedIarr-2.pdf>
Package pdftex.def Info: Imatges/Cap-Motors-Induccio-MotTensRedIarr-2.pdf  used
 on input line 173.
(pdftex.def)             Requested size: 468.75009pt x 284.08653pt.
) [231 <./Imatges/Cap-Motors-Induccio-Esq-Equiv-U-Sist.pdf>]
Package mdframed Info: Not enough space on this page on input line 1458.
 [232] [233] [234 <./Imatges/Cap-Motors-Induccio-MotTensRedIarr-1.pdf> <./Imatg
es/Cap-Motors-Induccio-MotTensRedIarr-2.pdf>]
(Imatges/Cap-Motors-Induccio-Esq-Equiv-Fase-Oberta.pdf_tex
<Imatges/Cap-Motors-Induccio-Esq-Equiv-Fase-Oberta.pdf, id=6096, page=1, 304.44
45pt x 213.39566pt>
File: Imatges/Cap-Motors-Induccio-Esq-Equiv-Fase-Oberta.pdf Graphic file (type 
pdf)
<use Imatges/Cap-Motors-Induccio-Esq-Equiv-Fase-Oberta.pdf, page 1>
Package pdftex.def Info: Imatges/Cap-Motors-Induccio-Esq-Equiv-Fase-Oberta.pdf 
, page1 used on input line 56.
(pdftex.def)             Requested size: 304.44447pt x 213.39839pt.
) [235 <./Imatges/Cap-Motors-Induccio-Esq-Equiv-Fase-Oberta.pdf>]
Package mdframed Info: mdframed works in twoside mode on input line 1507.
 [236]
(Imatges/Cap-Motors-Induccio-Punts-T-vel.pdf_tex
<Imatges/Cap-Motors-Induccio-Punts-T-vel.pdf, id=6146, page=1, 335.74252pt x 19
0.63347pt>
File: Imatges/Cap-Motors-Induccio-Punts-T-vel.pdf Graphic file (type pdf)
<use Imatges/Cap-Motors-Induccio-Punts-T-vel.pdf, page 1>
Package pdftex.def Info: Imatges/Cap-Motors-Induccio-Punts-T-vel.pdf , page1 us
ed on input line 56.
(pdftex.def)             Requested size: 335.74251pt x 190.6446pt.
) [237 <./Imatges/Cap-Motors-Induccio-Punts-T-vel.pdf>]
Capitols/Cap-Motors-Induccio.tex:1629: ignored error: Infinite glue shrinkage f
ound in box being split [238]
Package mdframed Info: mdframed works in twoside mode on input line 1644.
Package mdframed Info: Box was splittet wrong
 starting loop to iterate the splitting point
(mdframed)              on input line 1686.
 [239] (Imatges/Cap-Motors-Induccio-U-Deseq.tex
<Imatges/Cap-Motors-Induccio-U-Deseq.pdf, id=6194, 468.75125pt x 255.95625pt>
File: Imatges/Cap-Motors-Induccio-U-Deseq.pdf Graphic file (type pdf)
<use Imatges/Cap-Motors-Induccio-U-Deseq.pdf>
Package pdftex.def Info: Imatges/Cap-Motors-Induccio-U-Deseq.pdf  used on input
 line 135.
(pdftex.def)             Requested size: 468.75009pt x 255.95561pt.
)
Underfull \vbox (badness 2762) has occurred while \output is active []

 [240]
Package mdframed Info: mdframed works in twoside mode on input line 1711.
Package mdframed Info: Box was splittet wrong
 starting loop to iterate the splitting point
(mdframed)              on input line 1760.

[241 <./Imatges/Cap-Motors-Induccio-U-Deseq.pdf>] [242] [243]
Package mdframed Info: mdframed works in twoside mode on input line 1843.
 [244]) [245]
[246



]
File: Imatges/Fons-de-pagina.pdf Graphic file (type pdf)
<use Imatges/Fons-de-pagina.pdf>
Package pdftex.def Info: Imatges/Fons-de-pagina.pdf  used on input line 375.
(pdftex.def)             Requested size: 597.5064pt x 845.08348pt.
 [247]
\openout2 = `Capitols/Cap-Xarxes-Electriques.aux'.

 (Capitols/Cap-Xarxes-Electriques.tex [248


]
Cap\'{\i }tol 11.
(Imatges/Cap-ResXarxElec-Branques-Z0.pdf_tex
<Imatges/Cap-ResXarxElec-Branques-Z0.pdf, id=6261, page=1, 360.10518pt x 80.023
38pt>
File: Imatges/Cap-ResXarxElec-Branques-Z0.pdf Graphic file (type pdf)
<use Imatges/Cap-ResXarxElec-Branques-Z0.pdf, page 1>
Package pdftex.def Info: Imatges/Cap-ResXarxElec-Branques-Z0.pdf , page1 used o
n input line 56.
(pdftex.def)             Requested size: 360.10516pt x 80.02562pt.
) [249]
(Imatges/Cap-ResXarxElec-Branques-Y0.pdf_tex
<Imatges/Cap-ResXarxElec-Branques-Y0.pdf, id=6268, page=1, 188.20313pt x 97.865
63pt>
File: Imatges/Cap-ResXarxElec-Branques-Y0.pdf Graphic file (type pdf)
<use Imatges/Cap-ResXarxElec-Branques-Y0.pdf, page 1>
Package pdftex.def Info: Imatges/Cap-ResXarxElec-Branques-Y0.pdf , page1 used o
n input line 56.
(pdftex.def)             Requested size: 188.20313pt x 97.87283pt.
)
(Imatges/Cap-ResXarxElec-Circuit-Graf.pdf_tex
<Imatges/Cap-ResXarxElec-Circuit-Graf.pdf, id=6270, page=1, 429.45876pt x 146.7
0952pt>
File: Imatges/Cap-ResXarxElec-Circuit-Graf.pdf Graphic file (type pdf)
<use Imatges/Cap-ResXarxElec-Circuit-Graf.pdf, page 1>
Package pdftex.def Info: Imatges/Cap-ResXarxElec-Circuit-Graf.pdf , page1 used 
on input line 56.
(pdftex.def)             Requested size: 429.45876pt x 146.71587pt.
) [250 <./Imatges/Cap-ResXarxElec-Branques-Z0.pdf> <./Imatges/Cap-ResXarxElec-B
ranques-Y0.pdf> <./Imatges/Cap-ResXarxElec-Circuit-Graf.pdf>] [251] [252]
LaTeX Font Info:    Font shape `OT1/minzpl/b/n' will be
(Font)              scaled to size 10.0pt on input line 244.
LaTeX Font Info:    Font shape `OT1/minzpl/b/n' will be
(Font)              scaled to size 7.3pt on input line 244.
LaTeX Font Info:    Font shape `OT1/minzpl/b/n' will be
(Font)              scaled to size 5.5pt on input line 244.
LaTeX Font Info:    Font shape `OML/npxmi/b/it' will be
(Font)              scaled to size 10.0pt on input line 244.
LaTeX Font Info:    Font shape `OML/npxmi/b/it' will be
(Font)              scaled to size 7.3pt on input line 244.
LaTeX Font Info:    Font shape `OML/npxmi/b/it' will be
(Font)              scaled to size 5.5pt on input line 244.
LaTeX Font Info:    Font shape `LMS/npxsy/b/n' will be
(Font)              scaled to size 10.0pt on input line 244.
LaTeX Font Info:    Font shape `LMS/npxsy/b/n' will be
(Font)              scaled to size 7.3pt on input line 244.
LaTeX Font Info:    Font shape `LMS/npxsy/b/n' will be
(Font)              scaled to size 5.5pt on input line 244.
LaTeX Font Info:    Font shape `LMX/npxexx/b/n' will be
(Font)              scaled to size 10.0pt on input line 244.
LaTeX Font Info:    Font shape `LMX/npxexx/b/n' will be
(Font)              scaled to size 7.3pt on input line 244.
LaTeX Font Info:    Font shape `LMX/npxexx/b/n' will be
(Font)              scaled to size 5.5pt on input line 244.
LaTeX Font Info:    Font shape `T1/JosefinSans-LF/b/n' will be
(Font)              scaled to size 10.0pt on input line 244.
LaTeX Font Info:    Font shape `T1/JosefinSans-LF/b/n' will be
(Font)              scaled to size 7.3pt on input line 244.
LaTeX Font Info:    Font shape `T1/JosefinSans-LF/b/n' will be
(Font)              scaled to size 5.5pt on input line 244.
LaTeX Font Info:    Font shape `U/npxmia/b/it' will be
(Font)              scaled to size 10.0pt on input line 244.
LaTeX Font Info:    Font shape `U/npxmia/b/it' will be
(Font)              scaled to size 7.3pt on input line 244.
LaTeX Font Info:    Font shape `U/npxmia/b/it' will be
(Font)              scaled to size 5.5pt on input line 244.
LaTeX Font Info:    Font shape `U/npxsym/b/n' will be
(Font)              scaled to size 10.0pt on input line 244.
LaTeX Font Info:    Font shape `U/npxsym/b/n' will be
(Font)              scaled to size 7.3pt on input line 244.
LaTeX Font Info:    Font shape `U/npxsym/b/n' will be
(Font)              scaled to size 5.5pt on input line 244.
LaTeX Font Info:    Font shape `U/npxsyc/b/n' will be
(Font)              scaled to size 10.0pt on input line 244.
LaTeX Font Info:    Font shape `U/npxsyc/b/n' will be
(Font)              scaled to size 7.3pt on input line 244.
LaTeX Font Info:    Font shape `U/npxsyc/b/n' will be
(Font)              scaled to size 5.5pt on input line 244.
LaTeX Font Info:    Font shape `U/npxexa/b/n' will be
(Font)              scaled to size 10.0pt on input line 244.
LaTeX Font Info:    Font shape `U/npxexa/b/n' will be
(Font)              scaled to size 7.3pt on input line 244.
LaTeX Font Info:    Font shape `U/npxexa/b/n' will be
(Font)              scaled to size 5.5pt on input line 244.
LaTeX Font Info:    Font shape `U/zeur/b/n' will be
(Font)              scaled to size 10.0pt on input line 244.
LaTeX Font Info:    Font shape `U/zeur/b/n' will be
(Font)              scaled to size 7.3pt on input line 244.
LaTeX Font Info:    Font shape `U/zeur/b/n' will be
(Font)              scaled to size 5.5pt on input line 244.

Overfull \hbox (3.0896pt too wide) detected at line 264
[][] \U/npxmia/m/it/10 = [] \LMS/npxsy/m/n/10 ^^A [] \OT1/minzpl/m/n/10 S \LMS/
npxsy/m/n/10 ^^A [] \U/npxmia/m/it/10 = [] \OT1/minzpl/m/n/10 S[]
 []

[253] [254]
Package mdframed Info: mdframed works in twoside mode on input line 398.
 (Imatges/Cap-ResXarxElec-Exemple-Circuit.pdf_tex
<Imatges/Cap-ResXarxElec-Exemple-Circuit.pdf, id=6315, page=1, 381.44476pt x 88
.02571pt>
File: Imatges/Cap-ResXarxElec-Exemple-Circuit.pdf Graphic file (type pdf)
<use Imatges/Cap-ResXarxElec-Exemple-Circuit.pdf, page 1>
Package pdftex.def Info: Imatges/Cap-ResXarxElec-Exemple-Circuit.pdf , page1 us
ed on input line 56.
(pdftex.def)             Requested size: 381.44475pt x 88.02682pt.
)
(Imatges/Cap-ResXarxElec-Exemple-Graf.pdf_tex
<Imatges/Cap-ResXarxElec-Exemple-Graf.pdf, id=6316, page=1, 181.3863pt x 117.36
761pt>
File: Imatges/Cap-ResXarxElec-Exemple-Graf.pdf Graphic file (type pdf)
<use Imatges/Cap-ResXarxElec-Exemple-Graf.pdf, page 1>
Package pdftex.def Info: Imatges/Cap-ResXarxElec-Exemple-Graf.pdf , page1 used 
on input line 56.
(pdftex.def)             Requested size: 181.38629pt x 117.37447pt.
)
File: Imatges/HPPrime-Tool.pdf Graphic file (type pdf)
<use Imatges/HPPrime-Tool.pdf>
Package pdftex.def Info: Imatges/HPPrime-Tool.pdf  used on input line 597.
(pdftex.def)             Requested size: 21.18163pt x 13.62018pt.
<Imatges/Cap-ResXarxElec-Exemple-Circuit-HPP1.png, id=6318, 195.129pt x 146.949
pt>
File: Imatges/Cap-ResXarxElec-Exemple-Circuit-HPP1.png Graphic file (type png)
<use Imatges/Cap-ResXarxElec-Exemple-Circuit-HPP1.png>
Package pdftex.def Info: Imatges/Cap-ResXarxElec-Exemple-Circuit-HPP1.png  used
 on input line 599.
(pdftex.def)             Requested size: 195.12851pt x 146.94864pt.
File: Imatges/HPPrime-Shift.pdf Graphic file (type pdf)
<use Imatges/HPPrime-Shift.pdf>
Package pdftex.def Info: Imatges/HPPrime-Shift.pdf  used on input line 600.
(pdftex.def)             Requested size: 21.18163pt x 13.62018pt.
<Imatges/HPPrime-5.pdf, id=6319, 26.89737pt x 13.58592pt>
File: Imatges/HPPrime-5.pdf Graphic file (type pdf)
<use Imatges/HPPrime-5.pdf>
Package pdftex.def Info: Imatges/HPPrime-5.pdf  used on input line 600.
(pdftex.def)             Requested size: 26.8973pt x 13.58588pt.
<Imatges/Cap-ResXarxElec-Exemple-Circuit-HPP2.png, id=6320, 195.129pt x 146.949
pt>
File: Imatges/Cap-ResXarxElec-Exemple-Circuit-HPP2.png Graphic file (type png)
<use Imatges/Cap-ResXarxElec-Exemple-Circuit-HPP2.png>
Package pdftex.def Info: Imatges/Cap-ResXarxElec-Exemple-Circuit-HPP2.png  used
 on input line 602.
(pdftex.def)             Requested size: 195.12851pt x 146.94864pt.
File: Imatges/HPPrime-Enter.pdf Graphic file (type pdf)
<use Imatges/HPPrime-Enter.pdf>
Package pdftex.def Info: Imatges/HPPrime-Enter.pdf  used on input line 604.
(pdftex.def)             Requested size: 32.49632pt x 13.58588pt.
<Imatges/Cap-ResXarxElec-Exemple-Circuit-HPP3.png, id=6321, 195.129pt x 146.949
pt>
File: Imatges/Cap-ResXarxElec-Exemple-Circuit-HPP3.png Graphic file (type png)
<use Imatges/Cap-ResXarxElec-Exemple-Circuit-HPP3.png>
Package pdftex.def Info: Imatges/Cap-ResXarxElec-Exemple-Circuit-HPP3.png  used
 on input line 606.
(pdftex.def)             Requested size: 195.12851pt x 146.94864pt.
<Imatges/Cap-ResXarxElec-Exemple-Circuit-HPP4.png, id=6322, 195.129pt x 146.949
pt>
File: Imatges/Cap-ResXarxElec-Exemple-Circuit-HPP4.png Graphic file (type png)
<use Imatges/Cap-ResXarxElec-Exemple-Circuit-HPP4.png>
Package pdftex.def Info: Imatges/Cap-ResXarxElec-Exemple-Circuit-HPP4.png  used
 on input line 614.
(pdftex.def)             Requested size: 195.12851pt x 146.94864pt.
File: Imatges/HPPrime-Enter.pdf Graphic file (type pdf)
<use Imatges/HPPrime-Enter.pdf>
Package pdftex.def Info: Imatges/HPPrime-Enter.pdf  used on input line 616.
(pdftex.def)             Requested size: 32.49632pt x 13.58588pt.
<Imatges/Cap-ResXarxElec-Exemple-Circuit-HPP5.png, id=6323, 195.129pt x 146.949
pt>
File: Imatges/Cap-ResXarxElec-Exemple-Circuit-HPP5.png Graphic file (type png)
<use Imatges/Cap-ResXarxElec-Exemple-Circuit-HPP5.png>
Package pdftex.def Info: Imatges/Cap-ResXarxElec-Exemple-Circuit-HPP5.png  used
 on input line 618.
(pdftex.def)             Requested size: 195.12851pt x 146.94864pt.
Package mdframed Info: Box was splittet wrong
 starting loop to iterate the splitting point
(mdframed)              on input line 620.
 [255 <./Imatges/Cap-ResXarxElec-Exemple-Circuit.pdf> <./Imatges/Cap-ResXarxEle
c-Exemple-Graf.pdf>]
Package mdframed Info: Box was splittet wrong
 starting loop to iterate the splitting point
(mdframed)              on input line 620.
 [256]
Package mdframed Info: Box was splittet wrong
 starting loop to iterate the splitting point
(mdframed)              on input line 620.

[257]
Package mdframed Info: Box was splittet wrong
 starting loop to iterate the splitting point
(mdframed)              on input line 620.
 [258 <./Imatges/Cap-ResXarxElec-Exemple-Circuit-HPP1.png (PNG copy)> <./Imatge
s/HPPrime-5.pdf> <./Imatges/Cap-ResXarxElec-Exemple-Circuit-HPP2.png (PNG copy)
> <./Imatges/Cap-ResXarxElec-Exemple-Circuit-HPP3.png (PNG copy)>]
[259 <./Imatges/Cap-ResXarxElec-Exemple-Circuit-HPP4.png (PNG copy)> <./Imatges
/Cap-ResXarxElec-Exemple-Circuit-HPP5.png (PNG copy)>]
Package mdframed Info: mdframed works in twoside mode on input line 713.
 [260]
(Imatges/Cap-ResXarxElec-Acoblament.pdf_tex
<Imatges/Cap-ResXarxElec-Acoblament.pdf, id=6385, page=1, 408.11922pt x 120.035
06pt>
File: Imatges/Cap-ResXarxElec-Acoblament.pdf Graphic file (type pdf)
<use Imatges/Cap-ResXarxElec-Acoblament.pdf, page 1>
Package pdftex.def Info: Imatges/Cap-ResXarxElec-Acoblament.pdf , page1 used on
 input line 56.
(pdftex.def)             Requested size: 408.1192pt x 120.04208pt.
) [261 <./Imatges/Cap-ResXarxElec-Acoblament.pdf>]
Package mdframed Info: mdframed works in twoside mode on input line 853.
 [262] (Imatges/Cap-ResXarxElec-Curt-Superpos-1.pdf_tex
<Imatges/Cap-ResXarxElec-Curt-Superpos-1.pdf, id=6429, page=1, 293.06339pt x 12
2.34685pt>
File: Imatges/Cap-ResXarxElec-Curt-Superpos-1.pdf Graphic file (type pdf)
<use Imatges/Cap-ResXarxElec-Curt-Superpos-1.pdf, page 1>
Package pdftex.def Info: Imatges/Cap-ResXarxElec-Curt-Superpos-1.pdf , page1 us
ed on input line 56.
(pdftex.def)             Requested size: 293.06339pt x 122.34654pt.
)
Underfull \vbox (badness 1077) has occurred while \output is active []

 [263]
(Imatges/Cap-ResXarxElec-Curt-Superpos-2.pdf_tex
<Imatges/Cap-ResXarxElec-Curt-Superpos-2.pdf, id=6439, page=1, 293.06339pt x 11
9.50157pt>
File: Imatges/Cap-ResXarxElec-Curt-Superpos-2.pdf Graphic file (type pdf)
<use Imatges/Cap-ResXarxElec-Curt-Superpos-2.pdf, page 1>
Package pdftex.def Info: Imatges/Cap-ResXarxElec-Curt-Superpos-2.pdf , page1 us
ed on input line 56.
(pdftex.def)             Requested size: 293.06339pt x 119.50127pt.
)
(Imatges/Cap-ResXarxElec-Curt-Superpos-3.pdf_tex
<Imatges/Cap-ResXarxElec-Curt-Superpos-3.pdf, id=6442, page=1, 293.06339pt x 11
9.50157pt>
File: Imatges/Cap-ResXarxElec-Curt-Superpos-3.pdf Graphic file (type pdf)
<use Imatges/Cap-ResXarxElec-Curt-Superpos-3.pdf, page 1>
Package pdftex.def Info: Imatges/Cap-ResXarxElec-Curt-Superpos-3.pdf , page1 us
ed on input line 56.
(pdftex.def)             Requested size: 293.06339pt x 119.50127pt.
)
(Imatges/Cap-ResXarxElec-Curt-Superpos-4.pdf_tex
<Imatges/Cap-ResXarxElec-Curt-Superpos-4.pdf, id=6445, page=1, 293.06339pt x 28
4.52756pt>
File: Imatges/Cap-ResXarxElec-Curt-Superpos-4.pdf Graphic file (type pdf)
<use Imatges/Cap-ResXarxElec-Curt-Superpos-4.pdf, page 1>
Package pdftex.def Info: Imatges/Cap-ResXarxElec-Curt-Superpos-4.pdf , page1 us
ed on input line 56.
(pdftex.def)             Requested size: 293.06339pt x 284.52686pt.
) [264 <./Imatges/Cap-ResXarxElec-Curt-Superpos-1.pdf> <./Imatges/Cap-ResXarxEl
ec-Curt-Superpos-2.pdf> <./Imatges/Cap-ResXarxElec-Curt-Superpos-3.pdf>]
(Imatges/Cap-ResXarxElec-Curt-Superpos-5.pdf_tex
<Imatges/Cap-ResXarxElec-Curt-Superpos-5.pdf, id=6537, page=1, 99.58464pt x 122
.34685pt>
File: Imatges/Cap-ResXarxElec-Curt-Superpos-5.pdf Graphic file (type pdf)
<use Imatges/Cap-ResXarxElec-Curt-Superpos-5.pdf, page 1>
Package pdftex.def Info: Imatges/Cap-ResXarxElec-Curt-Superpos-5.pdf , page1 us
ed on input line 56.
(pdftex.def)             Requested size: 99.58464pt x 122.354pt.
<Imatges/Cap-ResXarxElec-Curt-Superpos-5.pdf, id=6538, page=2, 99.58464pt x 122
.34685pt>
File: Imatges/Cap-ResXarxElec-Curt-Superpos-5.pdf Graphic file (type pdf)
<use Imatges/Cap-ResXarxElec-Curt-Superpos-5.pdf, page 2>
Package pdftex.def Info: Imatges/Cap-ResXarxElec-Curt-Superpos-5.pdf , page2 us
ed on input line 61.
(pdftex.def)             Requested size: 99.58464pt x 122.354pt.
)
Underfull \vbox (badness 3078) has occurred while \output is active []

 [265 <./Imatges/Cap-ResXarxElec-Curt-Superpos-4.pdf>]
Package mdframed Info: mdframed works in twoside mode on input line 981.

(Imatges/Cap-ResXarxElec-Curt-Mono.pdf_tex
<Imatges/Cap-ResXarxElec-Curt-Mono.pdf, id=6612, page=1, 355.65945pt x 128.0374
pt>
File: Imatges/Cap-ResXarxElec-Curt-Mono.pdf Graphic file (type pdf)
<use Imatges/Cap-ResXarxElec-Curt-Mono.pdf, page 1>
Package pdftex.def Info: Imatges/Cap-ResXarxElec-Curt-Mono.pdf , page1 used on 
input line 56.
(pdftex.def)             Requested size: 355.65944pt x 128.03706pt.
) [266 <./Imatges/Cap-ResXarxElec-Curt-Superpos-5.pdf> <./Imatges/Cap-ResXarxEl
ec-Curt-Superpos-5.pdf>] [267 <./Imatges/Cap-ResXarxElec-Curt-Mono.pdf>] [268]
Package mdframed Info: mdframed works in twoside mode on input line 1077.
LaTeX Font Info:    Font shape `T1/zpltlf/m/n' will be
(Font)              scaled to size 5.5pt on input line 1152.
Package mdframed Info: Box was splittet wrong
 starting loop to iterate the splitting point
(mdframed)              on input line 1206.
 [269]) [270]
\openout2 = `Capitols/Cap-Flux-Carregues.aux'.


(Capitols/Cap-Flux-Carregues.tex
Cap\'{\i }tol 12.
[271




] (Imatges/Cap-FluxCarregues-Linia.pdf_tex
<Imatges/Cap-FluxCarregues-Linia.pdf, id=6690, page=1, 192.05609pt x 90.69315pt
>
File: Imatges/Cap-FluxCarregues-Linia.pdf Graphic file (type pdf)
<use Imatges/Cap-FluxCarregues-Linia.pdf, page 1>
Package pdftex.def Info: Imatges/Cap-FluxCarregues-Linia.pdf , page1 used on in
put line 56.
(pdftex.def)             Requested size: 192.05609pt x 90.69707pt.
) [272 <./Imatges/Cap-FluxCarregues-Linia.pdf>] (Imatges/Cap-FluxCarregues-Traf
o.pdf_tex
<Imatges/Cap-FluxCarregues-Trafo.pdf, id=6707, page=1, 266.74457pt x 80.02338pt
>
File: Imatges/Cap-FluxCarregues-Trafo.pdf Graphic file (type pdf)
<use Imatges/Cap-FluxCarregues-Trafo.pdf, page 1>
Package pdftex.def Info: Imatges/Cap-FluxCarregues-Trafo.pdf , page1 used on in
put line 56.
(pdftex.def)             Requested size: 266.74457pt x 80.0305pt.
) [273 <./Imatges/Cap-FluxCarregues-Trafo.pdf>] [274] (Imatges/Cap-FluxCarregue
s-Trafo-Pi.pdf_tex
<Imatges/Cap-FluxCarregues-Trafo-Pi.pdf, id=6737, page=1, 192.05609pt x 90.6931
5pt>
File: Imatges/Cap-FluxCarregues-Trafo-Pi.pdf Graphic file (type pdf)
<use Imatges/Cap-FluxCarregues-Trafo-Pi.pdf, page 1>
Package pdftex.def Info: Imatges/Cap-FluxCarregues-Trafo-Pi.pdf , page1 used on
 input line 56.
(pdftex.def)             Requested size: 192.05609pt x 90.69707pt.
)
[275 <./Imatges/Cap-FluxCarregues-Trafo-Pi.pdf>]
Overfull \vbox (3.28378pt too high) detected at line 334
 []


Overfull \vbox (3.28378pt too high) detected at line 336
 []

LaTeX Font Info:    Trying to load font information for U+fontawesomefree2 on i
nput line 340.

(C:\Users\josep\AppData\Local\Programs\MiKTeX\tex/latex/fontawesome5\ufontaweso
mefree2.fd) [276{C:/Users/josep/AppData/Local/Programs/MiKTeX/fonts/enc/dvips/f
ontawesome5/fa5free2.enc}] [277]
Package mdframed Info: mdframed works in twoside mode on input line 431.
 (Imatges/Cap-FluxCarregues-Exemple1.pdf_tex
<Imatges/Cap-FluxCarregues-Exemple1.pdf, id=6784, page=1, 400.11687pt x 146.709
52pt>
File: Imatges/Cap-FluxCarregues-Exemple1.pdf Graphic file (type pdf)
<use Imatges/Cap-FluxCarregues-Exemple1.pdf, page 1>
Package pdftex.def Info: Imatges/Cap-FluxCarregues-Exemple1.pdf , page1 used on
 input line 56.
(pdftex.def)             Requested size: 400.11685pt x 146.71587pt.
)
Package mdframed Info: Box was splittet wrong
 starting loop to iterate the splitting point
(mdframed)              on input line 528.

[278 <./Imatges/Cap-FluxCarregues-Exemple1.pdf>]
Underfull \vbox (badness 10000) has occurred while \output is active []

 [279]
Package mdframed Info: mdframed works in twoside mode on input line 531.

(Imatges/Cap-FluxCarregues-Exemple2.pdf_tex
<Imatges/Cap-FluxCarregues-Exemple2.pdf, id=6809, page=1, 346.76796pt x 90.6931
5pt>
File: Imatges/Cap-FluxCarregues-Exemple2.pdf Graphic file (type pdf)
<use Imatges/Cap-FluxCarregues-Exemple2.pdf, page 1>
Package pdftex.def Info: Imatges/Cap-FluxCarregues-Exemple2.pdf , page1 used on
 input line 56.
(pdftex.def)             Requested size: 346.76796pt x 90.69707pt.
)
Package mdframed Info: Not enough space on this page on input line 639.
 [280 <./Imatges/Cap-FluxCarregues-Exemple2.pdf>]
Package mdframed Info: mdframed works in twoside mode on input line 642.
 (Imatges/Cap-FluxCarregues-Exemple3.pdf_tex
<Imatges/Cap-FluxCarregues-Exemple3.pdf, id=6830, page=1, 213.39568pt x 66.6861
4pt>
File: Imatges/Cap-FluxCarregues-Exemple3.pdf Graphic file (type pdf)
<use Imatges/Cap-FluxCarregues-Exemple3.pdf, page 1>
Package pdftex.def Info: Imatges/Cap-FluxCarregues-Exemple3.pdf , page1 used on
 input line 56.
(pdftex.def)             Requested size: 213.39568pt x 66.68697pt.
)
Package mdframed Info: Box was splittet wrong
 starting loop to iterate the splitting point
(mdframed)              on input line 689.
 [281 <./Imatges/Cap-FluxCarregues-Exemple3.pdf>] [282]
LaTeX Font Info:    Font shape `TS1/JosefinSans-LF/sb/n' will be
(Font)              scaled to size 14.4pt on input line 731.
LaTeX Font Info:    Font shape `TS1/zpltlf/m/n' will be
(Font)              scaled to size 9.0pt on input line 735.
LaTeX Font Info:    Font shape `TS1/JosefinSans-LF/sb/n' will be
(Font)              scaled to size 12.0pt on input line 747.

Overfull \hbox (3.90665pt too wide) in paragraph at lines 752--755
[]\T1/npxtt/m/n/10.95 --0.6 + $[]$ (1.05 (--2.8 Sin[--$[]$] + 9.6 Cos[--$[]$]) 
-- 9.55 $[]$) == 0}, $\LMS/npxsy/m/n/10.95 f[]$\T1/npxtt/m/n/10.95 , 1.05}, 
 []

LaTeX Font Info:    Font shape `TS1/JosefinSans-LF/sb/n' will be
(Font)              scaled to size 10.95pt on input line 762.

Package fancyhdr Warning: \headheight is too small (26.0pt): 
(fancyhdr)                Make it at least 26.27577pt, for example:
(fancyhdr)                \setlength{\headheight}{26.27577pt}.
(fancyhdr)                You might also make \topmargin smaller:
(fancyhdr)                \addtolength{\topmargin}{-0.27577pt}.

[283{C:/Users/josep/AppData/Local/Programs/MiKTeX/fonts/enc/dvips/josefin/jfn_e
hgfhq.enc}]
File: Imatges/HPPrime-Apps.pdf Graphic file (type pdf)
<use Imatges/HPPrime-Apps.pdf>
Package pdftex.def Info: Imatges/HPPrime-Apps.pdf  used on input line 788.
(pdftex.def)             Requested size: 21.18163pt x 13.62018pt.
<Imatges/Cap-FluxCarregues-HPP1.png, id=6859, 195.129pt x 146.949pt>
File: Imatges/Cap-FluxCarregues-HPP1.png Graphic file (type png)
<use Imatges/Cap-FluxCarregues-HPP1.png>
Package pdftex.def Info: Imatges/Cap-FluxCarregues-HPP1.png  used on input line
 790.
(pdftex.def)             Requested size: 195.12851pt x 146.94864pt.
<Imatges/Cap-FluxCarregues-HPP2.png, id=6860, 195.129pt x 146.949pt>
File: Imatges/Cap-FluxCarregues-HPP2.png Graphic file (type png)
<use Imatges/Cap-FluxCarregues-HPP2.png>
Package pdftex.def Info: Imatges/Cap-FluxCarregues-HPP2.png  used on input line
 796.
(pdftex.def)             Requested size: 195.12851pt x 146.94864pt.
 [284 <./Imatges/Cap-FluxCarregues-HPP1.png (PNG copy)>]
File: Imatges/HPPrime-Num.pdf Graphic file (type pdf)
<use Imatges/HPPrime-Num.pdf>
Package pdftex.def Info: Imatges/HPPrime-Num.pdf  used on input line 798.
(pdftex.def)             Requested size: 21.18163pt x 13.62018pt.
<Imatges/Cap-FluxCarregues-HPP3.png, id=6867, 195.129pt x 146.949pt>
File: Imatges/Cap-FluxCarregues-HPP3.png Graphic file (type png)
<use Imatges/Cap-FluxCarregues-HPP3.png>
Package pdftex.def Info: Imatges/Cap-FluxCarregues-HPP3.png  used on input line
 800.
(pdftex.def)             Requested size: 195.12851pt x 146.94864pt.
<Imatges/Cap-FluxCarregues-HPP4.png, id=6868, 195.129pt x 146.949pt>
File: Imatges/Cap-FluxCarregues-HPP4.png Graphic file (type png)
<use Imatges/Cap-FluxCarregues-HPP4.png>
Package pdftex.def Info: Imatges/Cap-FluxCarregues-HPP4.png  used on input line
 804.
(pdftex.def)             Requested size: 195.12851pt x 146.94864pt.
)

Package fancyhdr Warning: \headheight is too small (26.0pt): 
(fancyhdr)                Make it at least 26.27577pt, for example:
(fancyhdr)                \setlength{\headheight}{26.27577pt}.
(fancyhdr)                You might also make \topmargin smaller:
(fancyhdr)                \addtolength{\topmargin}{-0.27577pt}.

[285 <./Imatges/Cap-FluxCarregues-HPP2.png (PNG copy)> <./Imatges/Cap-FluxCarre
gues-HPP3.png (PNG copy)> <./Imatges/Cap-FluxCarregues-HPP4.png (PNG copy)>]
\openout2 = `Capitols/Cap-Curtcircuits.aux'.


(Capitols/Cap-Curtcircuits.tex [286




]
Cap\'{\i }tol 13.
) [287]
\openout2 = `Capitols/Cap-Normatives-Diverses.aux'.

 (Capitols/Cap-Normatives-Diverses.tex [288




]
Cap\'{\i }tol 14.
[289] [290] [291] [292] [293] [294]
(Imatges/Cap-Normatives-Diverses-50-50TD-51.pdf_tex
<Imatges/Cap-Normatives-Diverses-50-50TD-51.pdf, id=6918, page=1, 483.69685pt x
 156.49016pt>
File: Imatges/Cap-Normatives-Diverses-50-50TD-51.pdf Graphic file (type pdf)
<use Imatges/Cap-Normatives-Diverses-50-50TD-51.pdf, page 1>
Package pdftex.def Info: Imatges/Cap-Normatives-Diverses-50-50TD-51.pdf , page1
 used on input line 56.
(pdftex.def)             Requested size: 483.69685pt x 156.49214pt.
LaTeX Font Info:    Font shape `T1/zpltlf/m/sc' will be
(Font)              scaled to size 10.0pt on input line 60.
)
Underfull \vbox (badness 2753) has occurred while \output is active []

 [295 <./Imatges/Cap-Normatives-Diverses-50-50TD-51.pdf>] [296]
Package mdframed Info: mdframed works in twoside mode on input line 609.

(Imatges/Cap-Normatives-Diverses-ProtInvIntVar.tex
<Imatges/Cap-Normatives-Diverses-ProtInvIntVar.pdf, id=6951, 454.69875pt x 284.
06125pt>
File: Imatges/Cap-Normatives-Diverses-ProtInvIntVar.pdf Graphic file (type pdf)

<use Imatges/Cap-Normatives-Diverses-ProtInvIntVar.pdf>
Package pdftex.def Info: Imatges/Cap-Normatives-Diverses-ProtInvIntVar.pdf  use
d on input line 121.
(pdftex.def)             Requested size: 454.70456pt x 284.08653pt.
)
Package mdframed Info: Box was splittet wrong
 starting loop to iterate the splitting point
(mdframed)              on input line 719.
 [297]
Package mdframed Info: Box was splittet wrong
 starting loop to iterate the splitting point
(mdframed)              on input line 719.
 [298 <./Imatges/Cap-Normatives-Diverses-ProtInvIntVar.pdf>] [299] [300] [301] 
[302] [303] [304]
[305]

Package siunitx Info: Option "list-units = brackets" has been deprecated in
(siunitx)             this release.
(siunitx)             
(siunitx)             Use "list-units = bracket" as a replacement.

 [306] [307] [308] [309] [310] [311] [312] [313] [314] [315] [316]
[317]) [318]
File: Imatges/Fons-de-pagina.pdf Graphic file (type pdf)
<use Imatges/Fons-de-pagina.pdf>
Package pdftex.def Info: Imatges/Fons-de-pagina.pdf  used on input line 382.
(pdftex.def)             Requested size: 597.5064pt x 845.08348pt.
 [319



]
\openout2 = `Capitols/Cap-Python-Llenguatge.aux'.

 (Capitols/Cap-Python-Llenguatge.tex [320


]
Cap\'{\i }tol 15.
(C:\Users\josep\AppData\Local\Programs\MiKTeX\tex/latex/listings\lstlang1.sty
File: lstlang1.sty 2025/11/14 1.11b listings language file
)
[321] [322]
LaTeX Font Info:    Font shape `T1/npxtt/b/n' in size <9> not available
(Font)              Font shape `T1/npxtt/bx/n' tried instead on input line 58.
LaTeX Font Info:    Font shape `T1/npxtt/bx/n' will be
(Font)              scaled to size 9.0pt on input line 58.
 [323]
<Imatges/Cap-PythonLleng-Spyder.png, id=7164, 1283.29437pt x 764.8575pt>
File: Imatges/Cap-PythonLleng-Spyder.png Graphic file (type png)
<use Imatges/Cap-PythonLleng-Spyder.png>
Package pdftex.def Info: Imatges/Cap-PythonLleng-Spyder.png  used on input line
 103.
(pdftex.def)             Requested size: 483.69684pt x 288.2797pt.
<Imatges/Cap-PythonLleng-PyCharm.png, id=7169, 1284.8pt x 766.865pt>
File: Imatges/Cap-PythonLleng-PyCharm.png Graphic file (type png)
<use Imatges/Cap-PythonLleng-PyCharm.png>
Package pdftex.def Info: Imatges/Cap-PythonLleng-PyCharm.png  used on input lin
e 118.
(pdftex.def)             Requested size: 483.69684pt x 288.70871pt.
 [324 <./Imatges/Cap-PythonLleng-Spyder.png>] [325 <./Imatges/Cap-PythonLleng-P
yCharm.png>] [326] [327] [328] [329]
Overfull \hbox (1.19475pt too wide) in paragraph at lines 282--283
[]\T1/zpltlf/m/n/10.95 La lli-bre-ria pan-da-power s'-ha d'instal-lar des de la
 con-so-la exe-cu-tant l'or-dre: \T1/npxtt/m/n/10.95 pip install pandapower\T1/
zpltlf/m/n/10.95 .
 []

Package hyperref Info: bookmark level for unknown lstlisting defaults to 0 on i
nput line 293.
(Python/versions.py) [330]) [331]
\openout2 = `Capitols/Cap-Python-Programes.aux'.

 (Capitols/Cap-Python-Programes.tex [332




]
Cap\'{\i }tol 16.
(Python/qed/__init__.py) (Python/qed/utils.py [333]
Underfull \vbox (badness 10000) has occurred while \output is active []

 [334]
Underfull \vbox (badness 10000) has occurred while \output is active []

 [335]
Underfull \vbox (badness 10000) has occurred while \output is active []

 [336])
(Python/qed/eng_elec.py
LaTeX Font Info:    Trying to load font information for TS1+npxtt on input line
 34.

(C:\Users\josep\AppData\Local\Programs\MiKTeX\tex/latex/newpx\ts1npxtt.fd
File: ts1npxtt.fd 2013/03/25 v1.0
)
LaTeX Info: Symbol \texttwosuperior not provided by
            font family npxtt in TS1 encoding.
            Default family used instead on input line 34.

[337]
LaTeX Info: Symbol \texttwosuperior not provided by
            font family npxtt in TS1 encoding.
            Default family used instead on input line 50.

Underfull \vbox (badness 10000) has occurred while \output is active []

 [338]
Underfull \vbox (badness 10000) has occurred while \output is active []

 [339]
LaTeX Info: Symbol \texttwosuperior not provided by
            font family npxtt in TS1 encoding.
            Default family used instead on input line 174.

Underfull \vbox (badness 10000) has occurred while \output is active []

 [340]
LaTeX Info: Symbol \texttwosuperior not provided by
            font family npxtt in TS1 encoding.
            Default family used instead on input line 213.
LaTeX Info: Symbol \texttwosuperior not provided by
            font family npxtt in TS1 encoding.
            Default family used instead on input line 267.

Underfull \vbox (badness 10000) has occurred while \output is active []

 [341]
LaTeX Info: Symbol \texttwosuperior not provided by
            font family npxtt in TS1 encoding.
            Default family used instead on input line 272.
LaTeX Info: Symbol \texttwosuperior not provided by
            font family npxtt in TS1 encoding.
            Default family used instead on input line 277.
LaTeX Info: Symbol \texttwosuperior not provided by
            font family npxtt in TS1 encoding.
            Default family used instead on input line 295.
LaTeX Info: Symbol \texttwosuperior not provided by
            font family npxtt in TS1 encoding.
            Default family used instead on input line 303.
LaTeX Info: Symbol \texttwosuperior not provided by
            font family npxtt in TS1 encoding.
            Default family used instead on input line 315.
LaTeX Info: Symbol \texttwosuperior not provided by
            font family npxtt in TS1 encoding.
            Default family used instead on input line 319.

Underfull \vbox (badness 10000) has occurred while \output is active []

 [342]
LaTeX Info: Symbol \texttwosuperior not provided by
            font family npxtt in TS1 encoding.
            Default family used instead on input line 335.
LaTeX Info: Symbol \texttwosuperior not provided by
            font family npxtt in TS1 encoding.
            Default family used instead on input line 344.
LaTeX Info: Symbol \texttwosuperior not provided by
            font family npxtt in TS1 encoding.
            Default family used instead on input line 356.
LaTeX Info: Symbol \texttwosuperior not provided by
            font family npxtt in TS1 encoding.
            Default family used instead on input line 360.

Underfull \vbox (badness 10000) has occurred while \output is active []

 [343]
Underfull \vbox (badness 10000) has occurred while \output is active []

 [344]
Underfull \vbox (badness 10000) has occurred while \output is active []

 [345]
Underfull \vbox (badness 10000) has occurred while \output is active []

 [346]
Underfull \vbox (badness 10000) has occurred while \output is active []

 [347]
Underfull \vbox (badness 10000) has occurred while \output is active []

 [348]
Underfull \vbox (badness 10000) has occurred while \output is active []

 [349]
Underfull \vbox (badness 10000) has occurred while \output is active []

 [350]
Underfull \vbox (badness 10000) has occurred while \output is active []

 [351]
Underfull \vbox (badness 10000) has occurred while \output is active []

 [352]
Underfull \vbox (badness 10000) has occurred while \output is active []

 [353]
Underfull \vbox (badness 10000) has occurred while \output is active []

 [354]
Underfull \vbox (badness 10000) has occurred while \output is active []

 [355]
Underfull \vbox (badness 10000) has occurred while \output is active []

 [356]
Underfull \vbox (badness 10000) has occurred while \output is active []

 [357]
Underfull \vbox (badness 10000) has occurred while \output is active []

 [358]
Underfull \vbox (badness 10000) has occurred while \output is active []

 [359]
Underfull \vbox (badness 10000) has occurred while \output is active []

 [360]
Underfull \vbox (badness 10000) has occurred while \output is active []

 [361]
Underfull \vbox (badness 10000) has occurred while \output is active []

 [362]
Underfull \vbox (badness 10000) has occurred while \output is active []

 [363]
Underfull \vbox (badness 10000) has occurred while \output is active []

 [364]
LaTeX Info: Symbol \texttwosuperior not provided by
            font family npxtt in TS1 encoding.
            Default family used instead on input line 1628.

Underfull \vbox (badness 10000) has occurred while \output is active []

 [365])
LaTeX Info: Symbol \texttwosuperior not provided by
            font family npxtt in TS1 encoding.
            Default family used instead on input line 68.
LaTeX Info: Symbol \texttwosuperior not provided by
            font family npxtt in TS1 encoding.
            Default family used instead on input line 75.
LaTeX Info: Symbol \texttwosuperior not provided by
            font family npxtt in TS1 encoding.
            Default family used instead on input line 82.

[366]
LaTeX Info: Symbol \texttwosuperior not provided by
            font family npxtt in TS1 encoding.
            Default family used instead on input line 89.
LaTeX Info: Symbol \texttwosuperior not provided by
            font family npxtt in TS1 encoding.
            Default family used instead on input line 96.
LaTeX Info: Symbol \texttwosuperior not provided by
            font family npxtt in TS1 encoding.
            Default family used instead on input line 103.
LaTeX Info: Symbol \texttwosuperior not provided by
            font family npxtt in TS1 encoding.
            Default family used instead on input line 118.
 [367]
<Imatges/Cap-PythonProgs-corba51.pdf, id=9410, 454.91048pt x 338.33276pt>
File: Imatges/Cap-PythonProgs-corba51.pdf Graphic file (type pdf)
<use Imatges/Cap-PythonProgs-corba51.pdf>
Package pdftex.def Info: Imatges/Cap-PythonProgs-corba51.pdf  used on input lin
e 185.
(pdftex.def)             Requested size: 454.90935pt x 338.33192pt.
) [368 <./Imatges/Cap-PythonProgs-corba51.pdf>]
\openout2 = `Capitols/Cap-Python-Exemples.aux'.


(Capitols/Cap-Python-Exemples.tex
Cap\'{\i }tol 17.
(Python/exemples_resolts/Exemple-1-1.py [369




])
(Python/exemples_resolts/Exemple-1-2.py [370])
Underfull \vbox (badness 10000) has occurred while \output is active []

 [371]
(Python/exemples_resolts/Exemple-1-4.py)
(Python/exemples_resolts/Exemple-1-8.py [372])
<Imatges/Cap-PythonExemp-CarDescRL.pdf, id=9658, 431.17024pt x 271.31425pt>
File: Imatges/Cap-PythonExemp-CarDescRL.pdf Graphic file (type pdf)
<use Imatges/Cap-PythonExemp-CarDescRL.pdf>
Package pdftex.def Info: Imatges/Cap-PythonExemp-CarDescRL.pdf  used on input l
ine 121.
(pdftex.def)             Requested size: 431.16919pt x 271.31358pt.
 [373 <./Imatges/Cap-PythonExemp-CarDescRL.pdf>] (Python/exemples_resolts/Exemp
le-1-9.py)
<Imatges/Cap-PythonExemp-CurtcircuitRL.pdf, id=9722, 397.3172pt x 282.68486pt>
File: Imatges/Cap-PythonExemp-CurtcircuitRL.pdf Graphic file (type pdf)
<use Imatges/Cap-PythonExemp-CurtcircuitRL.pdf>
Package pdftex.def Info: Imatges/Cap-PythonExemp-CurtcircuitRL.pdf  used on inp
ut line 156.
(pdftex.def)             Requested size: 397.31622pt x 282.68416pt.
 [374]
(Python/exemples_resolts/Exemple-1-10.py [375 <./Imatges/Cap-PythonExemp-Curtci
rcuitRL.pdf>]) (Python/exemples_resolts/Exemple-1-11.py) [376]
(Python/exemples_resolts/Exemple-2-2.py)
(Python/exemples_resolts/Exemple-2-3.py) [377]
(Python/exemples_resolts/Exemple-3-1.py [378])
(Python/exemples_resolts/Exemple-3-2.py [379])
(Python/exemples_resolts/Exemple-4-3.py [380]
Underfull \vbox (badness 10000) has occurred while \output is active []

 [381])
[382]
<Imatges/Cap-PythonExemp-CircuitFourier-1.pdf, id=10200, 434.55789pt x 271.3142
5pt>
File: Imatges/Cap-PythonExemp-CircuitFourier-1.pdf Graphic file (type pdf)
<use Imatges/Cap-PythonExemp-CircuitFourier-1.pdf>
Package pdftex.def Info: Imatges/Cap-PythonExemp-CircuitFourier-1.pdf  used on 
input line 378.
(pdftex.def)             Requested size: 434.55682pt x 271.31358pt.
<Imatges/Cap-PythonExemp-CircuitFourier-2.pdf, id=10201, 434.55789pt x 271.3142
5pt>
File: Imatges/Cap-PythonExemp-CircuitFourier-2.pdf Graphic file (type pdf)
<use Imatges/Cap-PythonExemp-CircuitFourier-2.pdf>
Package pdftex.def Info: Imatges/Cap-PythonExemp-CircuitFourier-2.pdf  used on 
input line 381.
(pdftex.def)             Requested size: 434.55682pt x 271.31358pt.
<Imatges/Cap-PythonExemp-CircuitFourier-3.pdf, id=10202, 396.81061pt x 271.7212
4pt>
File: Imatges/Cap-PythonExemp-CircuitFourier-3.pdf Graphic file (type pdf)
<use Imatges/Cap-PythonExemp-CircuitFourier-3.pdf>
Package pdftex.def Info: Imatges/Cap-PythonExemp-CircuitFourier-3.pdf  used on 
input line 384.
(pdftex.def)             Requested size: 396.80963pt x 271.72057pt.

Underfull \vbox (badness 10000) has occurred while \output is active []

 [383 <./Imatges/Cap-PythonExemp-CircuitFourier-1.pdf> <./Imatges/Cap-PythonExe
mp-CircuitFourier-2.pdf>]
Underfull \vbox (badness 2478) has occurred while \output is active []

 [384 <./Imatges/Cap-PythonExemp-CircuitFourier-3.pdf>]
(Python/exemples_resolts/Exemple-5-3.py) [385]
<Imatges/Cap-PythonExemp-CircuitLaplace.pdf, id=10448, 387.74237pt x 271.31425p
t>
File: Imatges/Cap-PythonExemp-CircuitLaplace.pdf Graphic file (type pdf)
<use Imatges/Cap-PythonExemp-CircuitLaplace.pdf>
Package pdftex.def Info: Imatges/Cap-PythonExemp-CircuitLaplace.pdf  used on in
put line 421.
(pdftex.def)             Requested size: 387.74142pt x 271.31358pt.

(Python/exemples_resolts/Exemple-5-4.py [386 <./Imatges/Cap-PythonExemp-Circuit
Laplace.pdf>])
<Imatges/Cap-PythonExemp-CircuitLaplaceNul.pdf, id=10503, 400.5088pt x 271.3142
5pt>
File: Imatges/Cap-PythonExemp-CircuitLaplaceNul.pdf Graphic file (type pdf)
<use Imatges/Cap-PythonExemp-CircuitLaplaceNul.pdf>
Package pdftex.def Info: Imatges/Cap-PythonExemp-CircuitLaplaceNul.pdf  used on
 input line 450.
(pdftex.def)             Requested size: 400.50783pt x 271.31358pt.
 [387 <./Imatges/Cap-PythonExemp-CircuitLaplaceNul.pdf>]
(Python/exemples_resolts/Exemple-7-1.py)
LaTeX Info: Symbol \texttwosuperior not provided by
            font family JosefinSans-LF in TS1 encoding.
            Default family used instead on input line 479.
LaTeX Info: Symbol \texttwosuperior not provided by
            font family JosefinSans-LF in TS1 encoding.
            Default family used instead on input line 487.
LaTeX Info: Symbol \texttwosuperior not provided by
            font family JosefinSans-LF in TS1 encoding.
            Default family used instead on input line 487.

(Python/exemples_resolts/Exemple-7-3.py
LaTeX Info: Symbol \texttwosuperior not provided by
            font family npxtt in TS1 encoding.
            Default family used instead on input line 6.
)
LaTeX Info: Symbol \texttwosuperior not provided by
            font family npxtt in TS1 encoding.
            Default family used instead on input line 496.
LaTeX Info: Symbol \texttwosuperior not provided by
            font family JosefinSans-LF in TS1 encoding.
            Default family used instead on input line 501.
LaTeX Info: Symbol \texttwosuperior not provided by
            font family JosefinSans-LF in TS1 encoding.
            Default family used instead on input line 509.
LaTeX Info: Symbol \texttwosuperior not provided by
            font family JosefinSans-LF in TS1 encoding.
            Default family used instead on input line 509.

(Python/exemples_resolts/Exemple-7-4.py
LaTeX Info: Symbol \texttwosuperior not provided by
            font family npxtt in TS1 encoding.
            Default family used instead on input line 3.
LaTeX Info: Symbol \texttwosuperior not provided by
            font family npxtt in TS1 encoding.
            Default family used instead on input line 6.
)
LaTeX Info: Symbol \texttwosuperior not provided by
            font family npxtt in TS1 encoding.
            Default family used instead on input line 518.
 [388]
(Python/exemples_resolts/Exemple-9-1.py [389])
(Python/exemples_resolts/Exemple-10-3.py
LaTeX Info: Symbol \texttwosuperior not provided by
            font family npxtt in TS1 encoding.
            Default family used instead on input line 5.
 [390]
LaTeX Info: Symbol \texttwosuperior not provided by
            font family npxtt in TS1 encoding.
            Default family used instead on input line 19.
)
(Python/exemples_resolts/Exemple-10-4.py [391]
Underfull \vbox (badness 10000) has occurred while \output is active []

 [392])
[393]
<Imatges/Cap-PythonExemp-CaractMotor-1.pdf, id=10854, 423.95262pt x 269.38628pt
>
File: Imatges/Cap-PythonExemp-CaractMotor-1.pdf Graphic file (type pdf)
<use Imatges/Cap-PythonExemp-CaractMotor-1.pdf>
Package pdftex.def Info: Imatges/Cap-PythonExemp-CaractMotor-1.pdf  used on inp
ut line 648.
(pdftex.def)             Requested size: 423.95158pt x 269.3856pt.
<Imatges/Cap-PythonExemp-CaractMotor-2.pdf, id=10855, 394.25604pt x 269.38628pt
>
File: Imatges/Cap-PythonExemp-CaractMotor-2.pdf Graphic file (type pdf)
<use Imatges/Cap-PythonExemp-CaractMotor-2.pdf>
Package pdftex.def Info: Imatges/Cap-PythonExemp-CaractMotor-2.pdf  used on inp
ut line 651.
(pdftex.def)             Requested size: 394.25508pt x 269.3856pt.

Underfull \vbox (badness 10000) has occurred while \output is active []

 [394 <./Imatges/Cap-PythonExemp-CaractMotor-1.pdf> <./Imatges/Cap-PythonExemp-
CaractMotor-2.pdf>]
<Imatges/Cap-PythonExemp-CaractMotor-3.pdf, id=11075, 397.45052pt x 269.71452pt
>
File: Imatges/Cap-PythonExemp-CaractMotor-3.pdf Graphic file (type pdf)
<use Imatges/Cap-PythonExemp-CaractMotor-3.pdf>
Package pdftex.def Info: Imatges/Cap-PythonExemp-CaractMotor-3.pdf  used on inp
ut line 654.
(pdftex.def)             Requested size: 397.44954pt x 269.71385pt.
 (Python/exemples_resolts/Exemple-10-5.py [395 <./Imatges/Cap-PythonExemp-Carac
tMotor-3.pdf>]) [396] (Python/exemples_resolts/Exemple-10-6.py [397])
[398]
<Imatges/Cap-PythonExemp-MotCarregaReduida-1.pdf, id=11312, 433.83644pt x 272.6
4735pt>
File: Imatges/Cap-PythonExemp-MotCarregaReduida-1.pdf Graphic file (type pdf)
<use Imatges/Cap-PythonExemp-MotCarregaReduida-1.pdf>
Package pdftex.def Info: Imatges/Cap-PythonExemp-MotCarregaReduida-1.pdf  used 
on input line 744.
(pdftex.def)             Requested size: 433.83539pt x 272.64668pt.
<Imatges/Cap-PythonExemp-MotCarregaReduida-2.pdf, id=11313, 395.20775pt x 272.6
4735pt>
File: Imatges/Cap-PythonExemp-MotCarregaReduida-2.pdf Graphic file (type pdf)
<use Imatges/Cap-PythonExemp-MotCarregaReduida-2.pdf>
Package pdftex.def Info: Imatges/Cap-PythonExemp-MotCarregaReduida-2.pdf  used 
on input line 749.
(pdftex.def)             Requested size: 395.20679pt x 272.64668pt.

Underfull \vbox (badness 10000) has occurred while \output is active []

 [399 <./Imatges/Cap-PythonExemp-MotCarregaReduida-1.pdf> <./Imatges/Cap-Python
Exemp-MotCarregaReduida-2.pdf>] (Python/exemples_resolts/Exemple-10-7.py [400])
 [401]
<Imatges/Cap-PythonExemp-MotTensRedSolAp-1.pdf, id=11502, 427.45322pt x 271.643
62pt>
File: Imatges/Cap-PythonExemp-MotTensRedSolAp-1.pdf Graphic file (type pdf)
<use Imatges/Cap-PythonExemp-MotTensRedSolAp-1.pdf>
Package pdftex.def Info: Imatges/Cap-PythonExemp-MotTensRedSolAp-1.pdf  used on
 input line 798.
(pdftex.def)             Requested size: 427.45216pt x 271.64294pt.
<Imatges/Cap-PythonExemp-MotTensRedSolAp-2.pdf, id=11503, 404.7826pt x 271.6436
2pt>
File: Imatges/Cap-PythonExemp-MotTensRedSolAp-2.pdf Graphic file (type pdf)
<use Imatges/Cap-PythonExemp-MotTensRedSolAp-2.pdf>
Package pdftex.def Info: Imatges/Cap-PythonExemp-MotTensRedSolAp-2.pdf  used on
 input line 803.
(pdftex.def)             Requested size: 404.7816pt x 271.64294pt.

Underfull \vbox (badness 10000) has occurred while \output is active []

 [402 <./Imatges/Cap-PythonExemp-MotTensRedSolAp-1.pdf> <./Imatges/Cap-PythonEx
emp-MotTensRedSolAp-2.pdf>] (Python/exemples_resolts/Exemple-10-8.py
LaTeX Info: Symbol \texttwosuperior not provided by
            font family npxtt in TS1 encoding.
            Default family used instead on input line 16.
 [403]
Underfull \vbox (badness 10000) has occurred while \output is active []

 [404]
Underfull \vbox (badness 10000) has occurred while \output is active []

 [405])
Underfull \vbox (badness 6332) has occurred while \output is active []

 [406]
<Imatges/Cap-PythonExemp-MotTensRedSolEx-1-1.pdf, id=11810, 424.58313pt x 269.7
1452pt>
File: Imatges/Cap-PythonExemp-MotTensRedSolEx-1-1.pdf Graphic file (type pdf)
<use Imatges/Cap-PythonExemp-MotTensRedSolEx-1-1.pdf>
Package pdftex.def Info: Imatges/Cap-PythonExemp-MotTensRedSolEx-1-1.pdf  used 
on input line 860.
(pdftex.def)             Requested size: 424.58209pt x 269.71385pt.
<Imatges/Cap-PythonExemp-MotTensRedSolEx-1-2.pdf, id=11811, 418.1999pt x 271.64
362pt>
File: Imatges/Cap-PythonExemp-MotTensRedSolEx-1-2.pdf Graphic file (type pdf)
<use Imatges/Cap-PythonExemp-MotTensRedSolEx-1-2.pdf>
Package pdftex.def Info: Imatges/Cap-PythonExemp-MotTensRedSolEx-1-2.pdf  used 
on input line 867.
(pdftex.def)             Requested size: 418.19888pt x 271.64294pt.

Underfull \vbox (badness 10000) has occurred while \output is active []

 [407 <./Imatges/Cap-PythonExemp-MotTensRedSolEx-1-1.pdf> <./Imatges/Cap-Python
Exemp-MotTensRedSolEx-1-2.pdf>]
<Imatges/Cap-PythonExemp-MotTensRedSolEx-2-1.pdf, id=11900, 427.45322pt x 271.6
4362pt>
File: Imatges/Cap-PythonExemp-MotTensRedSolEx-2-1.pdf Graphic file (type pdf)
<use Imatges/Cap-PythonExemp-MotTensRedSolEx-2-1.pdf>
Package pdftex.def Info: Imatges/Cap-PythonExemp-MotTensRedSolEx-2-1.pdf  used 
on input line 872.
(pdftex.def)             Requested size: 427.45216pt x 271.64294pt.
<Imatges/Cap-PythonExemp-MotTensRedSolEx-2-2.pdf, id=11901, 404.7826pt x 271.64
362pt>
File: Imatges/Cap-PythonExemp-MotTensRedSolEx-2-2.pdf Graphic file (type pdf)
<use Imatges/Cap-PythonExemp-MotTensRedSolEx-2-2.pdf>
Package pdftex.def Info: Imatges/Cap-PythonExemp-MotTensRedSolEx-2-2.pdf  used 
on input line 878.
(pdftex.def)             Requested size: 404.7816pt x 271.64294pt.

Underfull \vbox (badness 10000) has occurred while \output is active []

 [408 <./Imatges/Cap-PythonExemp-MotTensRedSolEx-2-1.pdf> <./Imatges/Cap-Python
Exemp-MotTensRedSolEx-2-2.pdf>]
<Imatges/Cap-PythonExemp-MotTensRedSolEx-3.pdf, id=11971, 399.99126pt x 271.643
62pt>
File: Imatges/Cap-PythonExemp-MotTensRedSolEx-3.pdf Graphic file (type pdf)
<use Imatges/Cap-PythonExemp-MotTensRedSolEx-3.pdf>
Package pdftex.def Info: Imatges/Cap-PythonExemp-MotTensRedSolEx-3.pdf  used on
 input line 883.
(pdftex.def)             Requested size: 399.99028pt x 271.64294pt.
<Imatges/Cap-PythonExemp-MotTensRedSolEx-4.pdf, id=11972, 397.12115pt x 271.314
25pt>
File: Imatges/Cap-PythonExemp-MotTensRedSolEx-4.pdf Graphic file (type pdf)
<use Imatges/Cap-PythonExemp-MotTensRedSolEx-4.pdf>
Package pdftex.def Info: Imatges/Cap-PythonExemp-MotTensRedSolEx-4.pdf  used on
 input line 888.
(pdftex.def)             Requested size: 397.12018pt x 271.31358pt.

Underfull \vbox (badness 1231) has occurred while \output is active []

 [409 <./Imatges/Cap-PythonExemp-MotTensRedSolEx-3.pdf> <./Imatges/Cap-PythonEx
emp-MotTensRedSolEx-4.pdf>] (Python/exemples_resolts/Exemple-10-9.py
LaTeX Info: Symbol \texttwosuperior not provided by
            font family npxtt in TS1 encoding.
            Default family used instead on input line 22.
 [410]
Underfull \vbox (badness 10000) has occurred while \output is active []

 [411])
[412]
<Imatges/Cap-PythonExemp-MotTensRedIarr-1.pdf, id=12217, 423.95262pt x 269.3862
8pt>
File: Imatges/Cap-PythonExemp-MotTensRedIarr-1.pdf Graphic file (type pdf)
<use Imatges/Cap-PythonExemp-MotTensRedIarr-1.pdf>
Package pdftex.def Info: Imatges/Cap-PythonExemp-MotTensRedIarr-1.pdf  used on 
input line 931.
(pdftex.def)             Requested size: 423.95158pt x 269.3856pt.
<Imatges/Cap-PythonExemp-MotTensRedIarr-2.pdf, id=12218, 400.86513pt x 269.3862
8pt>
File: Imatges/Cap-PythonExemp-MotTensRedIarr-2.pdf Graphic file (type pdf)
<use Imatges/Cap-PythonExemp-MotTensRedIarr-2.pdf>
Package pdftex.def Info: Imatges/Cap-PythonExemp-MotTensRedIarr-2.pdf  used on 
input line 933.
(pdftex.def)             Requested size: 400.86415pt x 269.3856pt.

Underfull \vbox (badness 10000) has occurred while \output is active []

 [413 <./Imatges/Cap-PythonExemp-MotTensRedIarr-1.pdf> <./Imatges/Cap-PythonExe
mp-MotTensRedIarr-2.pdf>]
<Imatges/Cap-PythonExemp-MotTensRedIarr-3.pdf, id=12451, 399.99126pt x 271.6436
2pt>
File: Imatges/Cap-PythonExemp-MotTensRedIarr-3.pdf Graphic file (type pdf)
<use Imatges/Cap-PythonExemp-MotTensRedIarr-3.pdf>
Package pdftex.def Info: Imatges/Cap-PythonExemp-MotTensRedIarr-3.pdf  used on 
input line 939.
(pdftex.def)             Requested size: 399.99028pt x 271.64294pt.
<Imatges/Cap-PythonExemp-MotTensRedIarr-4.pdf, id=12452, 398.72089pt x 271.3142
5pt>
File: Imatges/Cap-PythonExemp-MotTensRedIarr-4.pdf Graphic file (type pdf)
<use Imatges/Cap-PythonExemp-MotTensRedIarr-4.pdf>
Package pdftex.def Info: Imatges/Cap-PythonExemp-MotTensRedIarr-4.pdf  used on 
input line 943.
(pdftex.def)             Requested size: 398.71991pt x 271.31358pt.
<Imatges/Cap-PythonExemp-MotTensRedIarr-5.pdf, id=12453, 398.72089pt x 271.3142
5pt>
File: Imatges/Cap-PythonExemp-MotTensRedIarr-5.pdf Graphic file (type pdf)
<use Imatges/Cap-PythonExemp-MotTensRedIarr-5.pdf>
Package pdftex.def Info: Imatges/Cap-PythonExemp-MotTensRedIarr-5.pdf  used on 
input line 945.
(pdftex.def)             Requested size: 398.71991pt x 271.31358pt.

Underfull \vbox (badness 10000) has occurred while \output is active []

 [414 <./Imatges/Cap-PythonExemp-MotTensRedIarr-3.pdf> <./Imatges/Cap-PythonExe
mp-MotTensRedIarr-4.pdf>] (Python/exemples_resolts/Exemple-10-10.py [415 <./Ima
tges/Cap-PythonExemp-MotTensRedIarr-5.pdf>])
Underfull \vbox (badness 10000) has occurred while \output is active []

 [416]
(Python/exemples_resolts/Exemple-11-1.py) [417]
(Python/exemples_resolts/Exemple-11-2.py)
(Python/exemples_resolts/Exemple-11-3.py) [418]
(Python/exemples_resolts/Exemple-11-4.py)
Underfull \vbox (badness 1082) has occurred while \output is active []

 [419]
(Python/exemples_resolts/Exemple-11-5.py) [420]
(Python/exemples_resolts/Exemple-12-1.py
Underfull \vbox (badness 1694) has occurred while \output is active []

 [421])
[422] (Python/exemples_resolts/Exemple-12-2.py [423]) [424] [425]
(Python/exemples_resolts/Exemple-12-3.py) [426]
(Python/exemples_resolts/Exemple-13-1.py [427])
<Imatges/Cap-PythonExemp-ProtInvIntVar.pdf, id=13100, 412.75769pt x 271.31425pt
>
File: Imatges/Cap-PythonExemp-ProtInvIntVar.pdf Graphic file (type pdf)
<use Imatges/Cap-PythonExemp-ProtInvIntVar.pdf>
Package pdftex.def Info: Imatges/Cap-PythonExemp-ProtInvIntVar.pdf  used on inp
ut line 1316.
(pdftex.def)             Requested size: 412.75668pt x 271.31358pt.
 [428 <./Imatges/Cap-PythonExemp-ProtInvIntVar.pdf>] (Python/exemples_resolts/E
xemple-D-1.py [429])
<Imatges/Cap-PythonExemp-Interpol.pdf, id=13201, 401.59097pt x 271.31425pt>
File: Imatges/Cap-PythonExemp-Interpol.pdf Graphic file (type pdf)
<use Imatges/Cap-PythonExemp-Interpol.pdf>
Package pdftex.def Info: Imatges/Cap-PythonExemp-Interpol.pdf  used on input li
ne 1378.
(pdftex.def)             Requested size: 401.59pt x 271.31358pt.

Underfull \vbox (badness 10000) has occurred while \output is active []

 [430 <./Imatges/Cap-PythonExemp-Interpol.pdf>] (Python/exemples_resolts/Exempl
e-D-2.py)
<Imatges/Cap-PythonExemp-InterpolDuesDim.pdf, id=13283, 430.29024pt x 384.00652
pt>
File: Imatges/Cap-PythonExemp-InterpolDuesDim.pdf Graphic file (type pdf)
<use Imatges/Cap-PythonExemp-InterpolDuesDim.pdf>
Package pdftex.def Info: Imatges/Cap-PythonExemp-InterpolDuesDim.pdf  used on i
nput line 1405.
(pdftex.def)             Requested size: 430.28917pt x 384.00557pt.

Underfull \vbox (badness 10000) has occurred while \output is active []

 [431]
(Python/exemples_resolts/Exemple-D-3.py [432 <./Imatges/Cap-PythonExemp-Interpo
lDuesDim.pdf>]) (Python/exemples_resolts/Exemple-D-4.py [433])) [434]
File: Imatges/Fons-de-pagina.pdf Graphic file (type pdf)
<use Imatges/Fons-de-pagina.pdf>
Package pdftex.def Info: Imatges/Fons-de-pagina.pdf  used on input line 390.
(pdftex.def)             Requested size: 597.5064pt x 845.08348pt.
 [435



]
\openout2 = `Capitols/Ape-SI.aux'.


(Capitols/Ape-SI.tex [436


]
Ap\`endix A.
[437] [438] [439]
LaTeX Info: Symbol \textmu not provided by
            font family zpltlf in TS1 encoding.
            Default family used instead on input line 205.

Overfull \hbox (5.66505pt too wide) in paragraph at lines 237--237
[]|[]\T1/zpltlf/m/n/10.95 Magnitud|  
 []


Overfull \hbox (5.66505pt too wide) in paragraph at lines 246--246
[]|[]\T1/zpltlf/m/n/10.95 Magnitud|  
 []

[440] [441] [442] [443] [444] [445] [446]

Package siunitx Info: Option "number-angle-product" has been deprecated in
(siunitx)             this release.
(siunitx)             
(siunitx)             Set the "quantity-product" option for the units
(siunitx)             \arcminute, \arcsecond  and \degree  instead.


Package siunitx Info: Option "number-angle-product" has been deprecated in
(siunitx)             this release.
(siunitx)             
(siunitx)             Set the "quantity-product" option for the units
(siunitx)             \arcminute, \arcsecond  and \degree  instead.

 [447] [448]
LaTeX Info: Symbol \textmu not provided by
            font family zpltlf in TS1 encoding.
            Default family used instead on input line 855.
 [449]
LaTeX Info: Symbol \textmu not provided by
            font family zpltlf in TS1 encoding.
            Default family used instead on input line 862.
 [450] [451]
LaTeX Info: Symbol \textmu not provided by
            font family zpltlf in TS1 encoding.
            Default family used instead on input line 1013.

Package siunitx Info: Option "separate-uncertainty" has been deprecated in
(siunitx)             this release.
(siunitx)             
(siunitx)             Use "uncertainty-mode = separate" as a replacement.


[452]) [453]
\openout2 = `Capitols/Ape-Constants-Fisiques.aux'.

 (Capitols/Ape-Constants-Fisiques.tex [454




]
Ap\`endix B.
Capitols/Ape-Constants-Fisiques.tex:94: ignored error: Infinite glue shrinkage 
found in box being split [455]
Capitols/Ape-Constants-Fisiques.tex:94: ignored error: Infinite glue shrinkage 
found in box being split [456]
Overfull \vbox (18.90741pt too high) has occurred while \output is active []


[457] [458]) [459]
\openout2 = `Capitols/Ape-Relacions-Trigonometriques.aux'.

 (Capitols/Ape-Relacions-Trigonometriques.tex [460




]
Ap\`endix C.
[461] [462] [463] [464] (Imatges/Ape-Trigonometria-Triangle.pdf_tex
<Imatges/Ape-Trigonometria-Triangle.pdf, id=13721, page=1, 240.07013pt x 229.40
034pt>
File: Imatges/Ape-Trigonometria-Triangle.pdf Graphic file (type pdf)
<use Imatges/Ape-Trigonometria-Triangle.pdf, page 1>
Package pdftex.def Info: Imatges/Ape-Trigonometria-Triangle.pdf , page1 used on
 input line 56.
(pdftex.def)             Requested size: 240.07013pt x 229.40675pt.
)
Underfull \hbox (badness 1430) in paragraph at lines 271--271
[][][]\T1/zpltlf/m/n/9 L'equaci� [] es co-neix amb el nom de \T1/zpltlf/m/it/9 
f�r-mu-la d'-He-r�\T1/zpltlf/m/n/9 , pel ma-te-m�-tic gre-co-ro-m� He-r� d'A-le
-xan-dria:
 []

[465 <./Imatges/Ape-Trigonometria-Triangle.pdf>] [466] [467]
(Imatges/Ape-Trigonometria-sin.tex
<Imatges/Ape-Trigonometria-sin.pdf, id=13786, 426.59375pt x 270.00874pt>
File: Imatges/Ape-Trigonometria-sin.pdf Graphic file (type pdf)
<use Imatges/Ape-Trigonometria-sin.pdf>
Package pdftex.def Info: Imatges/Ape-Trigonometria-sin.pdf  used on input line 
135.
(pdftex.def)             Requested size: 426.61873pt x 270.01631pt.
) [468] (Imatges/Ape-Trigonometria-csc.tex
<Imatges/Ape-Trigonometria-csc.pdf, id=13811, 426.59375pt x 270.00874pt>
File: Imatges/Ape-Trigonometria-csc.pdf Graphic file (type pdf)
<use Imatges/Ape-Trigonometria-csc.pdf>
Package pdftex.def Info: Imatges/Ape-Trigonometria-csc.pdf  used on input line 
139.
(pdftex.def)             Requested size: 426.61873pt x 270.01631pt.
)
(Imatges/Ape-Trigonometria-cos.tex
<Imatges/Ape-Trigonometria-cos.pdf, id=13812, 426.59375pt x 270.00874pt>
File: Imatges/Ape-Trigonometria-cos.pdf Graphic file (type pdf)
<use Imatges/Ape-Trigonometria-cos.pdf>
Package pdftex.def Info: Imatges/Ape-Trigonometria-cos.pdf  used on input line 
135.
(pdftex.def)             Requested size: 426.61873pt x 270.01631pt.
) [469 <./Imatges/Ape-Trigonometria-sin.pdf> <./Imatges/Ape-Trigonometria-csc.p
df>] (Imatges/Ape-Trigonometria-sec.tex
<Imatges/Ape-Trigonometria-sec.pdf, id=13820, 426.59375pt x 270.00874pt>
File: Imatges/Ape-Trigonometria-sec.pdf Graphic file (type pdf)
<use Imatges/Ape-Trigonometria-sec.pdf>
Package pdftex.def Info: Imatges/Ape-Trigonometria-sec.pdf  used on input line 
139.
(pdftex.def)             Requested size: 426.61873pt x 270.01631pt.
)
(Imatges/Ape-Trigonometria-tan.tex
<Imatges/Ape-Trigonometria-tan.pdf, id=13821, 426.59375pt x 270.00874pt>
File: Imatges/Ape-Trigonometria-tan.pdf Graphic file (type pdf)
<use Imatges/Ape-Trigonometria-tan.pdf>
Package pdftex.def Info: Imatges/Ape-Trigonometria-tan.pdf  used on input line 
139.
(pdftex.def)             Requested size: 426.61873pt x 270.01631pt.
) [470 <./Imatges/Ape-Trigonometria-cos.pdf> <./Imatges/Ape-Trigonometria-sec.p
df>] (Imatges/Ape-Trigonometria-cot.tex
<Imatges/Ape-Trigonometria-cot.pdf, id=13829, 426.59375pt x 270.00874pt>
File: Imatges/Ape-Trigonometria-cot.pdf Graphic file (type pdf)
<use Imatges/Ape-Trigonometria-cot.pdf>
Package pdftex.def Info: Imatges/Ape-Trigonometria-cot.pdf  used on input line 
139.
(pdftex.def)             Requested size: 426.61873pt x 270.01631pt.
)
(Imatges/Ape-Trigonometria-sinh.tex
<Imatges/Ape-Trigonometria-sinh.pdf, id=13830, 426.59375pt x 270.00874pt>
File: Imatges/Ape-Trigonometria-sinh.pdf Graphic file (type pdf)
<use Imatges/Ape-Trigonometria-sinh.pdf>
Package pdftex.def Info: Imatges/Ape-Trigonometria-sinh.pdf  used on input line
 139.
(pdftex.def)             Requested size: 426.61873pt x 270.01631pt.
) [471 <./Imatges/Ape-Trigonometria-tan.pdf> <./Imatges/Ape-Trigonometria-cot.p
df>] (Imatges/Ape-Trigonometria-csch.tex
<Imatges/Ape-Trigonometria-csch.pdf, id=13838, 426.59375pt x 270.00874pt>
File: Imatges/Ape-Trigonometria-csch.pdf Graphic file (type pdf)
<use Imatges/Ape-Trigonometria-csch.pdf>
Package pdftex.def Info: Imatges/Ape-Trigonometria-csch.pdf  used on input line
 143.
(pdftex.def)             Requested size: 426.61873pt x 270.01631pt.
)
(Imatges/Ape-Trigonometria-cosh.tex
<Imatges/Ape-Trigonometria-cosh.pdf, id=13839, 426.59375pt x 270.00874pt>
File: Imatges/Ape-Trigonometria-cosh.pdf Graphic file (type pdf)
<use Imatges/Ape-Trigonometria-cosh.pdf>
Package pdftex.def Info: Imatges/Ape-Trigonometria-cosh.pdf  used on input line
 139.
(pdftex.def)             Requested size: 426.61873pt x 270.01631pt.
) [472 <./Imatges/Ape-Trigonometria-sinh.pdf> <./Imatges/Ape-Trigonometria-csch
.pdf>] (Imatges/Ape-Trigonometria-sech.tex
<Imatges/Ape-Trigonometria-sech.pdf, id=13847, 426.59375pt x 270.00874pt>
File: Imatges/Ape-Trigonometria-sech.pdf Graphic file (type pdf)
<use Imatges/Ape-Trigonometria-sech.pdf>
Package pdftex.def Info: Imatges/Ape-Trigonometria-sech.pdf  used on input line
 143.
(pdftex.def)             Requested size: 426.61873pt x 270.01631pt.
)
(Imatges/Ape-Trigonometria-tanh.tex
<Imatges/Ape-Trigonometria-tanh.pdf, id=13848, 426.59375pt x 270.00874pt>
File: Imatges/Ape-Trigonometria-tanh.pdf Graphic file (type pdf)
<use Imatges/Ape-Trigonometria-tanh.pdf>
Package pdftex.def Info: Imatges/Ape-Trigonometria-tanh.pdf  used on input line
 139.
(pdftex.def)             Requested size: 426.61873pt x 270.01631pt.
) [473 <./Imatges/Ape-Trigonometria-cosh.pdf> <./Imatges/Ape-Trigonometria-sech
.pdf>] (Imatges/Ape-Trigonometria-coth.tex
<Imatges/Ape-Trigonometria-coth.pdf, id=13857, 426.59375pt x 270.00874pt>
File: Imatges/Ape-Trigonometria-coth.pdf Graphic file (type pdf)
<use Imatges/Ape-Trigonometria-coth.pdf>
Package pdftex.def Info: Imatges/Ape-Trigonometria-coth.pdf  used on input line
 143.
(pdftex.def)             Requested size: 426.61873pt x 270.01631pt.
)) [474 <./Imatges/Ape-Trigonometria-tanh.pdf> <./Imatges/Ape-Trigonometria-cot
h.pdf>]
\openout2 = `Capitols/Ape-Calcul-Numeric.aux'.

 (Capitols/Ape-Calcul-Numeric.tex
Ap\`endix D.
[475




]
Package mdframed Info: mdframed works in twoside mode on input line 48.
Package mdframed Info: mdframed works in twoside mode on input line 85.
 [476] [477] [478]
Package mdframed Info: mdframed works in twoside mode on input line 230.
 [479]
Underfull \vbox (badness 3407) has occurred while \output is active []

 [480]
(Imatges/Ape-Calcul-Numeric-Newton.pdf_tex
<Imatges/Ape-Calcul-Numeric-Newton.pdf, id=13931, page=1, 256.0748pt x 213.3956
6pt>
File: Imatges/Ape-Calcul-Numeric-Newton.pdf Graphic file (type pdf)
<use Imatges/Ape-Calcul-Numeric-Newton.pdf, page 1>
Package pdftex.def Info: Imatges/Ape-Calcul-Numeric-Newton.pdf , page1 used on 
input line 56.
(pdftex.def)             Requested size: 256.07478pt x 213.4049pt.
) [481 <./Imatges/Ape-Calcul-Numeric-Newton.pdf>] (Imatges/Ape-Calcul-Numeric-s
ecant.pdf_tex
<Imatges/Ape-Calcul-Numeric-secant.pdf, id=13943, page=1, 256.0748pt x 213.3956
6pt>
File: Imatges/Ape-Calcul-Numeric-secant.pdf Graphic file (type pdf)
<use Imatges/Ape-Calcul-Numeric-secant.pdf, page 1>
Package pdftex.def Info: Imatges/Ape-Calcul-Numeric-secant.pdf , page1 used on 
input line 56.
(pdftex.def)             Requested size: 256.07478pt x 213.4049pt.
) [482 <./Imatges/Ape-Calcul-Numeric-secant.pdf>]
Package mdframed Info: mdframed works in twoside mode on input line 367.
 [483] [484]) [485]
\openout2 = `Capitols/Ape-HP-Prime.aux'.

 (Capitols/Ape-HP-Prime.tex
[486




]
Ap\`endix E.
<Imatges/Ape-HP-Prime.jpg, id=14013, 361.35pt x 576.65437pt>
File: Imatges/Ape-HP-Prime.jpg Graphic file (type jpg)
<use Imatges/Ape-HP-Prime.jpg>
Package pdftex.def Info: Imatges/Ape-HP-Prime.jpg  used on input line 15.
(pdftex.def)             Requested size: 162.60599pt x 259.49207pt.
[487 <./Imatges/Ape-HP-Prime.jpg>] (HPPrime/EE_QED.hpprgm)
(HPPrime/EE_QED.hpprgm) (HPPrime/EE_QED.hpprgm) [488] (HPPrime/EE_QED.hpprgm)
(HPPrime/EE_QED.hpprgm) (HPPrime/EE_QED.hpprgm) (HPPrime/EE_QED.hpprgm
LaTeX Info: Symbol \texttwosuperior not provided by
            font family npxtt in TS1 encoding.
            Default family used instead on input line 50.
)
(HPPrime/EE_QED.hpprgm
LaTeX Info: Symbol \texttwosuperior not provided by
            font family npxtt in TS1 encoding.
            Default family used instead on input line 56.
 [489]) (HPPrime/EE_QED.hpprgm
LaTeX Info: Symbol \texttwosuperior not provided by
            font family npxtt in TS1 encoding.
            Default family used instead on input line 62.
) (HPPrime/EE_QED.hpprgm
LaTeX Info: Symbol \texttwosuperior not provided by
            font family npxtt in TS1 encoding.
            Default family used instead on input line 69.
)
(HPPrime/EE_QED.hpprgm) (HPPrime/EE_QED.hpprgm) [490] (HPPrime/EE_QED.hpprgm)
(HPPrime/EE_QED.hpprgm) (HPPrime/EE_QED.hpprgm) (HPPrime/EE_QED.hpprgm)
(HPPrime/EE_QED.hpprgm
LaTeX Font Info:    Font shape `T1/npxtt/m/it' in size <9> not available
(Font)              Font shape `T1/npxtt/m/sl' tried instead on input line 119.

LaTeX Font Info:    Font shape `T1/npxtt/m/sl' will be
(Font)              scaled to size 9.0pt on input line 119.
LaTeX Font Info:    Font shape `T1/npxtt/b/it' in size <9> not available
(Font)              Font shape `T1/npxtt/bx/it' tried instead on input line 119
.
LaTeX Font Info:    Font shape `T1/npxtt/bx/it' in size <9> not available
(Font)              Font shape `T1/npxtt/bx/sl' tried instead on input line 119
.
LaTeX Font Info:    Font shape `T1/npxtt/bx/sl' will be
(Font)              scaled to size 9.0pt on input line 119.
) [491] (HPPrime/EE_QED.hpprgm) (HPPrime/Math_QED.hpprgm) (HPPrime/Math_QED.hpp
rgm [492]) (HPPrime/Math_QED.hpprgm)
Overfull \hbox (23.73262pt too wide) in paragraph at lines 169--170
[]\T1/zpltlf/m/n/10.95 La fun-ci� \T1/npxtt/m/n/10.95 Simpson_1_3_Rule \T1/zplt
lf/m/n/10.95 uti-lit-za l'e-qua-ci� [] per ob-te-nir la in-te-gral de les or-de
-na-des $\LMS/npxsy/m/n/10.95 �\U/zeur/m/n/10.95 y[]\OT1/minzpl/m/n/10.95 , \U/
zeur/m/n/10.95 y[]\OT1/minzpl/m/n/10.95 , [] , \U/zeur/m/n/10.95 y[]\LMS/npxsy/
m/n/10.95 �$\T1/zpltlf/m/n/10.95 ,
 []

(HPPrime/Math_QED.hpprgm)
Overfull \hbox (23.73262pt too wide) in paragraph at lines 175--176
[]\T1/zpltlf/m/n/10.95 La fun-ci� \T1/npxtt/m/n/10.95 Simpson_3_8_Rule \T1/zplt
lf/m/n/10.95 uti-lit-za l'e-qua-ci� [] per ob-te-nir la in-te-gral de les or-de
-na-des $\LMS/npxsy/m/n/10.95 �\U/zeur/m/n/10.95 y[]\OT1/minzpl/m/n/10.95 , \U/
zeur/m/n/10.95 y[]\OT1/minzpl/m/n/10.95 , [] , \U/zeur/m/n/10.95 y[]\LMS/npxsy/
m/n/10.95 �$\T1/zpltlf/m/n/10.95 ,
 []

[493] (HPPrime/Math_QED.hpprgm)) [494]
File: Imatges/Fons-de-pagina.pdf Graphic file (type pdf)
<use Imatges/Fons-de-pagina.pdf>
Package pdftex.def Info: Imatges/Fons-de-pagina.pdf  used on input line 398.
(pdftex.def)             Requested size: 597.5064pt x 845.08348pt.
 [495



] [496

]
\openout2 = `Capitols/Pos-Historial.aux'.

 (Capitols/Pos-Historial.tex
[497


] [498] [499] [500] [501] [502] [503] [504] [505] [506] [507]
LaTeX Info: Symbol \textrightarrow not provided by
            font family npxtt in TS1 encoding.
            Default family used instead on input line 542.
 [508]
[509]
LaTeX Info: Symbol \textmu not provided by
            font family zpltlf in TS1 encoding.
            Default family used instead on input line 634.
 [510] [511] [512] [513]
Underfull \vbox (badness 10000) has occurred while \output is active []

 [514]
[515] [516] [517] [518] [519] [520] [521] [522]

LaTeX Warning: Reference `lst:trap-rule' on page 523 undefined on input line 11
77.

) [523]
\openout2 = `Capitols/Pos-Bibliografia.aux'.

 (Capitols/Pos-Bibliografia.tex [524




]
LaTeX Font Info:    Font shape `T1/zpltlf/b/it' will be
(Font)              scaled to size 8.0pt on input line 5.
LaTeX Font Info:    Font shape `TS1/zpltlf/b/it' will be
(Font)              scaled to size 10.95pt on input line 22.

Underfull \hbox (badness 1776) in paragraph at lines 22--23
[]\T1/zpltlf/m/n/10.95 E. Jo-seph Bi-llo. \T1/zpltlf/b/it/10.95 Ex-cel\TS1/zplt
lf/b/it/10.95 � \T1/zpltlf/b/it/10.95 for En-gi-ne-ers and Sci-en-tists --- Nu-
me-ri-cal Met-hods\T1/zpltlf/m/n/10.95 . Wiley-
 []

[525] [526]) [527] [528



]
runsystem(makeindex -s jmb_v1 "Qüestions Electrotècniques Diverses".idx)...qu
otation error in system command.


(C:/Users\josep\OneDrive\Documents\TeX Files\Qüestions Electrotècniques Diver
ses\QED-GitHub\v17.0\auxil\Qüestions Electrotècniques Diverses.ind
LaTeX Font Info:    Font shape `T1/zpltlf/m/n' will be
(Font)              scaled to size 17.28pt on input line 2.
LaTeX Font Info:    Font shape `T1/zpltlf/b/n' will be
(Font)              scaled to size 17.28pt on input line 2.
LaTeX Info: Symbol \textmu not provided by
            font family zpltlf in TS1 encoding.
            Default family used instead on input line 21.
 [529

]
[530] [531] [532] [533] [534] [535] [536] [537] [538] [539] [540] [541]
[542]) [543]
<Imatges/Fons-de-final.pdf, id=15994, 597.432pt x 845.07718pt>
File: Imatges/Fons-de-final.pdf Graphic file (type pdf)
<use Imatges/Fons-de-final.pdf>
Package pdftex.def Info: Imatges/Fons-de-final.pdf  used on input line 406.
(pdftex.def)             Requested size: 597.55817pt x 845.04932pt.
 [544 <./Imatges/Fons-de-final.pdf>]
(C:/Users\josep\OneDrive\Documents\TeX Files\Qüestions Electrotècniques Diver
ses\QED-GitHub\v17.0\auxil\Qüestions Electrotècniques Diverses.aux
(C:/Users\josep\OneDrive\Documents\TeX Files\Qüestions Electrotècniques Diver
ses\QED-GitHub\v17.0\auxil\Capitols/Pre-Titol.aux)
(C:/Users\josep\OneDrive\Documents\TeX Files\Qüestions Electrotècniques Diver
ses\QED-GitHub\v17.0\auxil\Capitols/Pre-Prefaci.aux)
(C:/Users\josep\OneDrive\Documents\TeX Files\Qüestions Electrotècniques Diver
ses\QED-GitHub\v17.0\auxil\Capitols/Pre-Notacio.aux)
(C:/Users\josep\OneDrive\Documents\TeX Files\Qüestions Electrotècniques Diver
ses\QED-GitHub\v17.0\auxil\Capitols/Cap-Fonaments.aux)
(C:/Users\josep\OneDrive\Documents\TeX Files\Qüestions Electrotècniques Diver
ses\QED-GitHub\v17.0\auxil\Capitols/Cap-Calculs-Basics.aux)
(C:/Users\josep\OneDrive\Documents\TeX Files\Qüestions Electrotècniques Diver
ses\QED-GitHub\v17.0\auxil\Capitols/Cap-Components-Simetriques.aux)
(C:/Users\josep\OneDrive\Documents\TeX Files\Qüestions Electrotècniques Diver
ses\QED-GitHub\v17.0\auxil\Capitols/Cap-Series-Fourier.aux)
(C:/Users\josep\OneDrive\Documents\TeX Files\Qüestions Electrotècniques Diver
ses\QED-GitHub\v17.0\auxil\Capitols/Cap-Transformada-Laplace.aux)
(C:/Users\josep\OneDrive\Documents\TeX Files\Qüestions Electrotècniques Diver
ses\QED-GitHub\v17.0\auxil\Capitols/Cap-Resistencies.aux)
(C:/Users\josep\OneDrive\Documents\TeX Files\Qüestions Electrotècniques Diver
ses\QED-GitHub\v17.0\auxil\Capitols/Cap-Cables.aux)
(C:/Users\josep\OneDrive\Documents\TeX Files\Qüestions Electrotècniques Diver
ses\QED-GitHub\v17.0\auxil\Capitols/Cap-Trafos-Mes-Prot.aux)
(C:/Users\josep\OneDrive\Documents\TeX Files\Qüestions Electrotècniques Diver
ses\QED-GitHub\v17.0\auxil\Capitols/Cap-Trafos-Potencia.aux)
(C:/Users\josep\OneDrive\Documents\TeX Files\Qüestions Electrotècniques Diver
ses\QED-GitHub\v17.0\auxil\Capitols/Cap-Motors-Induccio.aux)
(C:/Users\josep\OneDrive\Documents\TeX Files\Qüestions Electrotècniques Diver
ses\QED-GitHub\v17.0\auxil\Capitols/Cap-Xarxes-Electriques.aux)
(C:/Users\josep\OneDrive\Documents\TeX Files\Qüestions Electrotècniques Diver
ses\QED-GitHub\v17.0\auxil\Capitols/Cap-Flux-Carregues.aux)
(C:/Users\josep\OneDrive\Documents\TeX Files\Qüestions Electrotècniques Diver
ses\QED-GitHub\v17.0\auxil\Capitols/Cap-Curtcircuits.aux)
(C:/Users\josep\OneDrive\Documents\TeX Files\Qüestions Electrotècniques Diver
ses\QED-GitHub\v17.0\auxil\Capitols/Cap-Normatives-Diverses.aux)
(C:/Users\josep\OneDrive\Documents\TeX Files\Qüestions Electrotècniques Diver
ses\QED-GitHub\v17.0\auxil\Capitols/Cap-Python-Llenguatge.aux)
(C:/Users\josep\OneDrive\Documents\TeX Files\Qüestions Electrotècniques Diver
ses\QED-GitHub\v17.0\auxil\Capitols/Cap-Python-Programes.aux)
(C:/Users\josep\OneDrive\Documents\TeX Files\Qüestions Electrotècniques Diver
ses\QED-GitHub\v17.0\auxil\Capitols/Cap-Python-Exemples.aux)
(C:/Users\josep\OneDrive\Documents\TeX Files\Qüestions Electrotècniques Diver
ses\QED-GitHub\v17.0\auxil\Capitols/Ape-SI.aux)
(C:/Users\josep\OneDrive\Documents\TeX Files\Qüestions Electrotècniques Diver
ses\QED-GitHub\v17.0\auxil\Capitols/Ape-Constants-Fisiques.aux)
(C:/Users\josep\OneDrive\Documents\TeX Files\Qüestions Electrotècniques Diver
ses\QED-GitHub\v17.0\auxil\Capitols/Ape-Relacions-Trigonometriques.aux)
(C:/Users\josep\OneDrive\Documents\TeX Files\Qüestions Electrotècniques Diver
ses\QED-GitHub\v17.0\auxil\Capitols/Ape-Calcul-Numeric.aux)
(C:/Users\josep\OneDrive\Documents\TeX Files\Qüestions Electrotècniques Diver
ses\QED-GitHub\v17.0\auxil\Capitols/Ape-HP-Prime.aux)
(C:/Users\josep\OneDrive\Documents\TeX Files\Qüestions Electrotècniques Diver
ses\QED-GitHub\v17.0\auxil\Capitols/Pos-Historial.aux)
(C:/Users\josep\OneDrive\Documents\TeX Files\Qüestions Electrotècniques Diver
ses\QED-GitHub\v17.0\auxil\Capitols/Pos-Bibliografia.aux))
 ***********
LaTeX2e <2025-11-01>
L3 programming layer <2020/03/25>
 ***********


LaTeX Font Warning: Some font shapes were not available, defaults substituted.


LaTeX Warning: There were undefined references.


LaTeX Warning: Label(s) may have changed. Rerun to get cross-references right.

Package rerunfilecheck Info: File `"Qüestions Electrotècniques Diverses".out'
 has not changed.
(rerunfilecheck)             Checksum: E8EAA9BF8C3DAD67EFB039D3BBE84413;104766.

 ) 
Here is how much of TeX's memory you used:
 56596 strings out of 467833
 1240187 string characters out of 5416676
 1885801 words of memory out of 5000000
 76555 multiletter control sequences out of 15000+600000
 927542 words of font info for 429 fonts, out of 8000000 for 9000
 1141 hyphenation exceptions out of 8191
 98i,23n,117p,1600b,2883s stack positions out of 10000i,1000n,20000p,200000b,200000s

pdfTeX warning (dest): name{Hfootnote.52} has been referenced but does not exis
t, replaced by a fixed one


pdfTeX warning (dest): name{Hfootnote.20} has been referenced but does not exis
t, replaced by a fixed one


pdfTeX warning (dest): name{Hfootnote.12} has been referenced but does not exis
t, replaced by a fixed one


pdfTeX warning (dest): name{Hfootnote.11} has been referenced but does not exis
t, replaced by a fixed one


pdfTeX warning (dest): name{Hfootnote.10} has been referenced but does not exis
t, replaced by a fixed one

<C:/Users/josep/AppData/Local/Programs/MiKTeX/fonts/type1/public/fontawesome5/F
ontAwesome5Brands-Regular.pfb><C:/Users/josep/AppData/Local/Programs/MiKTeX/fon
ts/type1/public/fontawesome5/FontAwesome5Free-Regular.pfb><C:/Users/josep/AppDa
ta/Local/Programs/MiKTeX/fonts/type1/public/fontawesome5/FontAwesome5Free-Solid
.pfb><C:/Users/josep/AppData/Local/Programs/MiKTeX/fonts/type1/public/josefin/J
osefinSans-Bold.pfb><C:/Users/josep/AppData/Local/Programs/MiKTeX/fonts/type1/p
ublic/josefin/JosefinSans-Regular.pfb><C:/Users/josep/AppData/Local/Programs/Mi
KTeX/fonts/type1/public/josefin/JosefinSans-SemiBold.pfb><C:/Users/josep/AppDat
a/Local/Programs/MiKTeX/fonts/type1/public/josefin/JosefinSans-SemiBoldItalic.p
fb><C:/Users/josep/AppData/Local/Programs/MiKTeX/fonts/type1/public/newpx/NewPX
MI_gnu.pfb><C:/Users/josep/AppData/Local/Programs/MiKTeX/fonts/type1/public/ams
fonts/cm/cmbx10.pfb><C:/Users/josep/AppData/Local/Programs/MiKTeX/fonts/type1/p
ublic/amsfonts/cm/cmbx7.pfb><C:/Users/josep/AppData/Local/Programs/MiKTeX/fonts
/type1/public/amsfonts/euler/euex10.pfb><C:/Users/josep/AppData/Local/Programs/
MiKTeX/fonts/type1/public/amsfonts/euler/eurb10.pfb><C:/Users/josep/AppData/Loc
al/Programs/MiKTeX/fonts/type1/public/amsfonts/euler/eurm10.pfb><C:/Users/josep
/AppData/Local/Programs/MiKTeX/fonts/type1/public/amsfonts/euler/eurm7.pfb><C:/
Users/josep/AppData/Local/Programs/MiKTeX/fonts/type1/public/amsfonts/euler/eus
m10.pfb><C:/Users/josep/AppData/Local/Programs/MiKTeX/fonts/type1/public/newpx/
pxbmiaX.pfb><C:/Users/josep/AppData/Local/Programs/MiKTeX/fonts/type1/public/ne
wpx/pxbsys.pfb><C:/Users/josep/AppData/Local/Programs/MiKTeX/fonts/type1/public
/newpx/pxmiaX.pfb><C:/Users/josep/AppData/Local/Programs/MiKTeX/fonts/type1/pub
lic/newpx/pxsys.pfb><C:/Users/josep/AppData/Local/Programs/MiKTeX/fonts/type1/p
ublic/cm-super/sfrm1095.pfb><C:/Users/josep/AppData/Local/Programs/MiKTeX/fonts
/type1/public/cm-super/sfss1095.pfb><C:/Users/josep/AppData/Local/Programs/MiKT
eX/fonts/type1/public/cm-super/sfss1200.pfb><C:/Users/josep/AppData/Local/Progr
ams/MiKTeX/fonts/type1/public/cm-super/sftt0900.pfb><C:/Users/josep/AppData/Loc
al/Programs/MiKTeX/fonts/type1/public/cm-super/sftt1095.pfb><C:/Users/josep/App
Data/Local/Programs/MiKTeX/fonts/type1/public/newtx/stxscr.pfb><C:/Users/josep/
AppData/Local/Programs/MiKTeX/fonts/type1/public/txfonts/t1xbtt.pfb><C:/Users/j
osep/AppData/Local/Programs/MiKTeX/fonts/type1/public/txfonts/t1xbtt.pfb><C:/Us
ers/josep/AppData/Local/Programs/MiKTeX/fonts/type1/public/txfonts/t1xtt.pfb><C
:/Users/josep/AppData/Local/Programs/MiKTeX/fonts/type1/public/newtx/txexs.pfb>
<C:/Users/josep/AppData/Local/Programs/MiKTeX/fonts/type1/public/newtx/txmiaSTb
b.pfb><C:/Users/josep/AppData/Local/Programs/MiKTeX/fonts/type1/public/newtx/tx
sym.pfb><C:/Users/josep/AppData/Local/Programs/MiKTeX/fonts/type1/public/urw-ba
se35/uzdr.pfb><C:/Users/josep/AppData/Local/Programs/MiKTeX/fonts/type1/public/
newpx/zplb.pfb><C:/Users/josep/AppData/Local/Programs/MiKTeX/fonts/type1/public
/newpx/zplbi.pfb><C:/Users/josep/AppData/Local/Programs/MiKTeX/fonts/type1/publ
ic/newpx/zplr.pfb><C:/Users/josep/AppData/Local/Programs/MiKTeX/fonts/type1/pub
lic/newpx/zplri.pfb>
Output written on "C:/Users\josep\OneDrive\Documents\TeX Files\Qüestions Elect
rotècniques Diverses\QED-GitHub\v17.0\out\Qüestions Electrotècniques Diverse
s.pdf" (570 pages, 6876389 bytes).
PDF statistics:
 17635 PDF objects out of 18468 (max. 8388607)
 7128 named destinations out of 7423 (max. 500000)
 4795 words of extra memory for PDF output out of 10000 (max. 10000000)

